token,aa,polarity,hydropathy,is_stop,is_start
<pad>,,,,,
<bos>,,,,,
<eos>,,,,,
<eog>,,,,,
<unk>,,,,,
AAA,K,positive,hydrophilic,0,0
AAC,N,polar,hydrophilic,0,0
AAG,K,positive,hydrophilic,0,0
AAT,N,polar,hydrophilic,0,0
ACA,T,polar,hydrophilic,0,0
ACC,T,polar,hydrophilic,0,0
ACG,T,polar,hydrophilic,0,0
ACT,T,polar,hydrophilic,0,0
AGA,R,positive,hydrophilic,0,0
AGC,S,polar,hydrophilic,0,0
AGG,R,positive,hydrophilic,0,0
AGT,S,polar,hydrophilic,0,0
ATA,I,nonpolar,hydrophobic,0,0
ATC,I,nonpolar,hydrophobic,0,0
ATG,M,nonpolar,hydrophobic,0,1
ATT,I,nonpolar,hydrophobic,0,0
CAA,Q,polar,hydrophilic,0,0
CAC,H,positive,hydrophilic,0,0
CAG,Q,polar,hydrophilic,0,0
CAT,H,positive,hydrophilic,0,0
CCA,P,nonpolar,hydrophobic,0,0
CCC,P,nonpolar,hydrophobic,0,0
CCG,P,nonpolar,hydrophobic,0,0
CCT,P,nonpolar,hydrophobic,0,0
CGA,R,positive,hydrophilic,0,0
CGC,R,positive,hydrophilic,0,0
CGG,R,positive,hydrophilic,0,0
CGT,R,positive,hydrophilic,0,0
CTA,L,nonpolar,hydrophobic,0,0
CTC,L,nonpolar,hydrophobic,0,0
CTG,L,nonpolar,hydrophobic,0,0
CTT,L,nonpolar,hydrophobic,0,0
GAA,E,negative,hydrophilic,0,0
GAC,D,negative,hydrophilic,0,0
GAG,E,negative,hydrophilic,0,0
GAT,D,negative,hydrophilic,0,0
GCA,A,nonpolar,hydrophobic,0,0
GCC,A,nonpolar,hydrophobic,0,0
GCG,A,nonpolar,hydrophobic,0,0
GCT,A,nonpolar,hydrophobic,0,0
GGA,G,nonpolar,hydrophobic,0,0
GGC,G,nonpolar,hydrophobic,0,0
GGG,G,nonpolar,hydrophobic,0,0
GGT,G,nonpolar,hydrophobic,0,0
GTA,V,nonpolar,hydrophobic,0,0
GTC,V,nonpolar,hydrophobic,0,0
GTG,V,nonpolar,hydrophobic,0,1
GTT,V,nonpolar,hydrophobic,0,0
TAA,Stop,,,1,0
TAC,Y,polar,hydrophobic,0,0
TAG,Stop,,,1,0
TAT,Y,polar,hydrophobic,0,0
TCA,S,polar,hydrophilic,0,0
TCC,S,polar,hydrophilic,0,0
TCG,S,polar,hydrophilic,0,0
TCT,S,polar,hydrophilic,0,0
TGA,Stop,,,1,0
TGC,C,polar,hydrophobic,0,0
TGG,W,nonpolar,hydrophobic,0,0
TGT,C,polar,hydrophobic,0,0
TTA,L,nonpolar,hydrophobic,0,0
TTC,F,nonpolar,hydrophobic,0,0
TTG,L,nonpolar,hydrophobic,0,1
TTT,F,nonpolar,hydrophobic,0,0
