pos,wt,mut,delta
1,ATG,CTG,0.8932
1,ATG,GCG,0.4955
1,ATG,GAA,0.4845
1,ATG,AAA,0.4199
1,ATG,GTG,0.1264
2,CGA,CTG,3.3679
2,CGA,ATG,3.0954
2,CGA,GCG,2.8525
2,CGA,GAA,2.852
2,CGA,AAA,2.8439
3,GTG,CTG,0.7775
3,GTG,GAA,0.4955
3,GTG,GCG,0.4696
3,GTG,AAA,0.3742
3,GTG,GTG,0.0
4,TTG,CTG,2.0526
4,TTG,GTG,2.0484
4,TTG,GAA,1.6921
4,TTG,AAA,1.5987
4,TTG,GCG,1.5618
5,AAG,CTG,2.25
5,AAG,GAA,1.8235
5,AAG,GCG,1.7923
5,AAG,AAA,1.6217
5,AAG,CAG,1.4944
6,TTC,CTG,1.7367
6,TTC,GAA,1.2089
6,TTC,AAA,1.1694
6,TTC,GCG,1.1165
6,TTC,CAG,0.9663
7,GGC,CTG,0.9765
7,GGC,GAA,0.4481
7,GGC,AAA,0.376
7,GGC,GCG,0.3031
7,GGC,GGC,0.0
8,GGT,CTG,1.052
8,GGT,GGC,1.0163
8,GGT,GAA,0.6748
8,GGT,AAA,0.6329
8,GGT,GCG,0.4823
9,ACA,CTG,2.6047
9,ACA,GGT,2.2906
9,ACA,AAA,2.1539
9,ACA,GCG,2.0813
9,ACA,GAA,2.0403
10,TCA,CTG,2.6565
10,TCA,GAA,2.0751
10,TCA,AAA,2.008
10,TCA,GCG,1.9866
10,TCA,CAG,1.7988
11,GTG,CTG,0.8077
11,GTG,GAA,0.3988
11,GTG,AAA,0.2591
11,GTG,GCG,0.1775
11,GTG,GTG,0.0
12,GCA,GTG,1.5001
12,GCA,CTG,1.4438
12,GCA,GAA,1.1063
12,GCA,AAA,0.9897
12,GCA,GCG,0.8865
13,AAT,CTG,1.5458
13,AAT,AAA,1.0988
13,AAT,GAA,1.0384
13,AAT,GCA,0.9752
13,AAT,GCG,0.8198
14,GCA,CTG,1.5028
14,GCA,GAA,1.0679
14,GCA,GCG,0.9505
14,GCA,AAA,0.9459
14,GCA,AAT,0.8384
15,GAA,CTG,0.3991
15,GAA,GAA,0.0
15,GAA,GCA,-0.0325
15,GAA,AAA,-0.1176
15,GAA,GCG,-0.3254
16,CGT,GAA,1.8219
16,CGT,CTG,1.2377
16,CGT,AAA,0.8174
16,CGT,GCG,0.7465
16,CGT,GGC,0.511
17,TTT,CTG,1.2167
17,TTT,CGT,0.7582
17,TTT,GAA,0.7092
17,TTT,AAA,0.7024
17,TTT,GCG,0.6049
18,CTG,CTG,0.0
18,CTG,TTT,-0.3301
18,CTG,AAA,-0.5208
18,CTG,GAA,-0.5445
18,CTG,GCG,-0.767
19,CGT,CTG,1.9792
19,CGT,AAA,0.907
19,CGT,GAA,0.7577
19,CGT,GCG,0.7512
19,CGT,GTG,0.4419
20,GTT,CTG,1.5737
20,GTT,CGT,1.0031
20,GTT,AAA,0.9955
20,GTT,GCG,0.9336
20,GTT,GAA,0.8772
21,GCC,CTG,1.1939
21,GCC,AAA,0.6411
21,GCC,GCG,0.6047
21,GCC,GAA,0.5439
21,GCC,GTT,0.407
22,GAT,CTG,1.3251
22,GAT,GCC,1.1363
22,GAT,GCG,0.8266
22,GAT,GAA,0.8265
22,GAT,AAA,0.7826
23,ATT,CTG,1.3462
23,ATT,GAT,1.1009
23,ATT,GAA,0.9107
23,ATT,AAA,0.6721
23,ATT,GCG,0.473
24,CTG,CTG,0.0
24,CTG,ATT,-0.1761
24,CTG,GAA,-0.2808
24,CTG,AAA,-0.5404
24,CTG,GCG,-0.5919
25,GAA,CTG,1.368
25,GAA,GCG,0.0793
25,GAA,AAA,0.056
25,GAA,GAA,0.0
25,GAA,GTG,-0.2992
26,AGC,GAA,1.713
26,AGC,CTG,1.1729
26,AGC,AAA,0.6954
26,AGC,GCG,0.6562
26,AGC,CAG,0.4221
27,AAT,CTG,1.4505
27,AAT,GAA,1.1137
27,AAT,AAA,1.0389
27,AAT,AGC,0.9428
27,AAT,GCG,0.8671
28,GCC,CTG,1.248
28,GCC,GAA,0.7824
28,GCC,AAA,0.6612
28,GCC,AAT,0.6524
28,GCC,GCG,0.5273
29,AGG,CTG,4.1051
29,AGG,GCC,3.8026
29,AGG,AAA,3.525
29,AGG,GAA,3.5222
29,AGG,GCG,3.4148
30,CAG,CTG,0.8905
30,CAG,GAA,0.4623
30,CAG,GCG,0.3029
30,CAG,AAA,0.2704
30,CAG,CAG,0.0
31,GGG,CTG,1.9121
31,GGG,CAG,1.8748
31,GGG,AAA,1.5515
31,GGG,GAA,1.5482
31,GGG,GCG,1.393
32,CAG,CTG,0.9159
32,CAG,GAA,0.4599
32,CAG,AAA,0.3564
32,CAG,GCG,0.2385
32,CAG,GTG,0.2113
33,GTG,CTG,0.9189
33,GTG,CAG,0.8041
33,GTG,AAA,0.4576
33,GTG,GCG,0.4131
33,GTG,GAA,0.3973
34,GCC,CTG,1.1304
34,GCC,GTG,1.0548
34,GCC,GAA,0.742
34,GCC,AAA,0.6178
34,GCC,GCG,0.4819
35,ACC,CTG,0.9518
35,ACC,GCC,0.7364
35,ACC,GAA,0.4704
35,ACC,AAA,0.436
35,ACC,GCG,0.3374
36,GTC,CTG,1.3668
36,GTC,ACC,1.164
36,GTC,GAA,0.8834
36,GTC,AAA,0.8233
36,GTC,GCG,0.815
37,CTC,CTG,2.0891
37,CTC,AAA,1.5079
37,CTC,GAA,1.4821
37,CTC,GCG,1.459
37,CTC,GTC,1.3677
38,TCT,CTG,2.5594
38,TCT,GAA,1.8938
38,TCT,AAA,1.8256
38,TCT,GCG,1.676
38,TCT,CAG,1.5994
39,GCC,CTG,1.1297
39,GCC,GAA,0.731
39,GCC,AAA,0.6458
39,GCC,GCG,0.6092
39,GCC,GTG,0.2862
40,CCC,CTG,2.675
40,CCC,GCC,2.4874
40,CCC,GAA,2.2146
40,CCC,GCG,2.2059
40,CCC,AAA,2.1223
41,GCC,CTG,1.1888
41,GCC,GAA,0.6913
41,GCC,AAA,0.6431
41,GCC,GCG,0.6205
41,GCC,GGC,0.3564
42,AAA,CTG,0.5297
42,AAA,GCC,0.2733
42,AAA,AAA,0.0
42,AAA,GAA,-0.0399
42,AAA,GCG,-0.1032
43,ATC,AAA,1.6171
43,ATC,CTG,1.2128
43,ATC,GAA,0.7553
43,ATC,GCG,0.7323
43,ATC,GGC,0.4903
44,ACC,CTG,0.8762
44,ACC,ATC,0.4935
44,ACC,GAA,0.4597
44,ACC,AAA,0.4191
44,ACC,GCG,0.3279
45,AAC,CTG,1.0497
45,AAC,ACC,0.8638
45,AAC,GAA,0.5299
45,AAC,AAA,0.476
45,AAC,GCG,0.4212
46,CAC,CTG,2.1187
46,CAC,AAC,1.7347
46,CAC,GAA,1.69
46,CAC,AAA,1.5227
46,CAC,GCG,1.4912
47,CTG,CTG,0.0
47,CTG,GAA,-0.4665
47,CTG,GCG,-0.5539
47,CTG,AAA,-0.5908
47,CTG,CAG,-0.7915
48,GTG,CTG,1.6641
48,GTG,GCG,0.5011
48,GTG,AAA,0.4518
48,GTG,GAA,0.408
48,GTG,CAG,0.0547
49,GCG,CTG,0.5687
49,GCG,GTG,0.5587
49,GCG,GAA,0.1797
49,GCG,AAA,0.0838
49,GCG,GCG,0.0
50,ATG,GCG,1.1228
50,ATG,CTG,0.9778
50,ATG,GAA,0.4098
50,ATG,AAA,0.3465
50,ATG,CAG,0.0291
51,ATT,CTG,1.1692
51,ATT,ATG,1.0203
51,ATT,GAA,0.7304
51,ATT,AAA,0.6969
51,ATT,GCG,0.5262
52,GAA,CTG,0.3088
52,GAA,ATT,0.0398
52,GAA,GAA,0.0
52,GAA,GCG,-0.3106
52,GAA,AAA,-0.3507
53,AAA,GAA,0.9707
53,AAA,CTG,0.4365
53,AAA,AAA,0.0
53,AAA,GCG,-0.1213
53,AAA,GGC,-0.3285
54,ACC,AAA,1.2714
54,ACC,CTG,1.0351
54,ACC,GAA,0.4546
54,ACC,GCG,0.4459
54,ACC,GGC,0.243
55,ATT,CTG,1.1345
55,ATT,ACC,0.8872
55,ATT,GAA,0.6831
55,ATT,AAA,0.6148
55,ATT,GCG,0.5218
56,AGC,CTG,1.4636
56,AGC,ATT,1.1823
56,AGC,GAA,0.9878
56,AGC,AAA,0.8336
56,AGC,GCG,0.8261
57,GGC,CTG,0.9795
57,GGC,GAA,0.5212
57,GGC,AAA,0.4849
57,GGC,AGC,0.4395
57,GGC,GCG,0.342
58,CAG,CTG,0.8286
58,CAG,GGC,0.7752
58,CAG,GAA,0.4289
58,CAG,AAA,0.3771
58,CAG,GCG,0.2147
59,GAT,CTG,1.2285
59,GAT,CAG,1.1095
59,GAT,AAA,0.7823
59,GAT,GAA,0.6988
59,GAT,GCG,0.6647
60,GCT,CTG,2.0611
60,GCT,GAT,1.6814
60,GCT,GAA,1.5006
60,GCT,AAA,1.3603
60,GCT,GCG,1.231
61,TTA,CTG,1.9266
61,TTA,GAA,1.4453
61,TTA,AAA,1.406
61,TTA,GCG,1.2458
61,TTA,ATG,1.0831
62,CCC,CTG,2.5798
62,CCC,AAA,2.246
62,CCC,GAA,2.1134
62,CCC,GCG,1.8252
62,CCC,GTG,1.7715
63,AAT,CTG,1.5906
63,AAT,GAA,1.181
63,AAT,AAA,1.0026
63,AAT,GCG,0.9026
63,AAT,GTG,0.7089
64,ATC,CTG,1.3043
64,ATC,GAA,0.8587
64,ATC,AAA,0.8049
64,ATC,AAT,0.7038
64,ATC,GCG,0.647
65,AGC,CTG,1.3733
65,AGC,ATC,0.97
65,AGC,GAA,0.8922
65,AGC,AAA,0.8457
65,AGC,GCG,0.7153
66,GAT,CTG,1.1641
66,GAT,GAA,0.6999
66,GAT,AAA,0.6642
66,GAT,GCG,0.6139
66,GAT,AGC,0.5453
67,GCC,CTG,1.3567
67,GCC,GAT,1.0472
67,GCC,GAA,0.7817
67,GCC,AAA,0.6741
67,GCC,GCG,0.5474
68,GAA,CTG,0.5606
68,GAA,GCC,0.2605
68,GAA,GAA,0.0
68,GAA,GCG,-0.0919
68,GAA,AAA,-0.1322
69,CGT,GAA,1.909
69,CGT,CTG,1.388
69,CGT,AAA,0.9418
69,CGT,GCG,0.8523
69,CGT,CAG,0.6025
70,ATT,CTG,1.2774
70,ATT,AAA,0.7835
70,ATT,CGT,0.7576
70,ATT,GAA,0.7274
70,ATT,GCG,0.6279
71,TTT,CTG,1.2568
71,TTT,GAA,0.9369
71,TTT,ATT,0.9337
71,TTT,AAA,0.7417
71,TTT,GCG,0.6879
72,GCC,CTG,1.271
72,GCC,TTT,0.99
72,GCC,AAA,0.7414
72,GCC,GAA,0.7372
72,GCC,GCG,0.5639
73,GAA,CTG,0.4728
73,GAA,GCC,0.1842
73,GAA,GAA,0.0
73,GAA,AAA,-0.0559
73,GAA,GCG,-0.155
74,CTT,GAA,2.4802
74,CTT,CTG,1.9577
74,CTT,AAA,1.5234
74,CTT,GCG,1.4601
74,CTT,CAG,1.2043
75,TTG,CTG,2.0135
75,TTG,GAA,1.4478
75,TTG,GCG,1.3009
75,TTG,AAA,1.283
75,TTG,ATG,0.9874
76,ACG,CTG,1.7922
76,ACG,GAA,1.3544
76,ACG,GCG,1.1789
76,ACG,AAA,1.1481
76,ACG,GTG,0.9505
77,GGA,CTG,2.104
77,GGA,GAA,1.5702
77,GGA,GCG,1.4482
77,GGA,AAA,1.3285
77,GGA,ATG,1.2036
78,CTC,CTG,2.2248
78,CTC,GAA,1.6865
78,CTC,AAA,1.6692
78,CTC,GCG,1.5389
78,CTC,CAG,1.365
79,GCC,CTG,1.2341
79,GCC,GAA,0.6279
79,GCC,AAA,0.574
79,GCC,GCG,0.5069
79,GCC,CAG,0.3976
80,GCC,CTG,0.3751
80,GCC,GCC,0.0
80,GCC,GAA,-0.2101
80,GCC,AAA,-0.3155
80,GCC,GCG,-0.3677
81,GCC,CTG,0.229
81,GCC,GCC,0.0
81,GCC,GAA,-0.2828
81,GCC,AAA,-0.3474
81,GCC,GCG,-0.368
82,CAG,CTG,0.8542
82,CAG,GCC,0.6271
82,CAG,GAA,0.372
82,CAG,GCG,0.2959
82,CAG,AAA,0.2926
83,CCG,CTG,1.1533
83,CCG,CAG,1.1445
83,CCG,AAA,0.7865
83,CCG,GCG,0.7598
83,CCG,GAA,0.7211
84,GGG,CTG,1.9023
84,GGG,CCG,1.6529
84,GGG,GAA,1.4188
84,GGG,AAA,1.347
84,GGG,GCG,1.2868
85,TTC,CTG,1.6958
85,TTC,GAA,1.2595
85,TTC,AAA,1.1842
85,TTC,GCG,1.0142
85,TTC,GTG,0.9187
86,CCG,CTG,1.2312
86,CCG,GAA,0.8695
86,CCG,AAA,0.7434
86,CCG,GCG,0.4693
86,CCG,CAG,0.3218
87,CTG,CTG,0.0
87,CTG,CCG,-0.3497
87,CTG,GAA,-0.6171
87,CTG,AAA,-0.6536
87,CTG,GCG,-0.6977
88,GCG,CTG,1.3183
88,GCG,AAA,0.0875
88,GCG,GCG,0.0
88,GCG,GAA,-0.0468
88,GCG,CAG,-0.3804
89,CAA,GCG,1.7227
89,CAA,CTG,1.4765
89,CAA,GAA,0.9494
89,CAA,AAA,0.8572
89,CAA,CAG,0.5917
90,TTG,CTG,1.88
90,TTG,GAA,1.4488
90,TTG,AAA,1.3811
90,TTG,GCG,1.3697
90,TTG,CAA,1.332
91,AAA,CTG,0.6117
91,AAA,GAA,0.1601
91,AAA,GCG,0.0316
91,AAA,AAA,0.0
91,AAA,CAG,-0.25
92,ACT,AAA,2.7365
92,ACT,CTG,2.3785
92,ACT,GAA,1.8699
92,ACT,GCG,1.7907
92,ACT,GGC,1.5503
93,TTC,CTG,1.8808
93,TTC,GAA,1.4351
93,TTC,AAA,1.3497
93,TTC,GCG,1.1867
93,TTC,GTG,1.056
94,GTC,CTG,1.5216
94,GTC,GAA,1.0443
94,GTC,AAA,0.9443
94,GTC,GCG,0.8276
94,GTC,CAG,0.6379
95,GAT,CTG,1.3265
95,GAT,GAA,0.6748
95,GAT,AAA,0.6634
95,GAT,GCG,0.6007
95,GAT,GTC,0.5566
96,CAG,CTG,1.0863
96,CAG,GAT,0.7973
96,CAG,GAA,0.4088
96,CAG,AAA,0.3652
96,CAG,GCG,0.2094
97,GAA,CTG,0.3887
97,GAA,CAG,0.2954
97,GAA,GAA,0.0
97,GAA,AAA,-0.0721
97,GAA,GCG,-0.2153
98,TTT,GAA,1.7844
98,TTT,CTG,1.2135
98,TTT,GCG,0.7113
98,TTT,AAA,0.6733
98,TTT,GGC,0.4911
99,GCC,CTG,1.2957
99,GCC,TTT,0.841
99,GCC,GAA,0.6592
99,GCC,AAA,0.6567
99,GCC,GCG,0.4066
100,CAA,CTG,1.5526
100,CAA,GCC,1.3303
100,CAA,GAA,1.0585
100,CAA,AAA,1.0367
100,CAA,GCG,0.9311
101,ATA,CTG,2.9538
101,ATA,GAA,2.5233
101,ATA,AAA,2.4056
101,ATA,GCG,2.3616
101,ATA,CAA,2.1834
102,AAA,CTG,0.4697
102,AAA,AAA,0.0
102,AAA,GAA,-0.0579
102,AAA,GCG,-0.2949
102,AAA,CAG,-0.3308
103,CAT,AAA,2.2772
103,CAT,CTG,2.0449
103,CAT,GAA,1.504
103,CAT,GCG,1.3793
103,CAT,CAG,1.1973
104,GTC,CTG,1.5311
104,GTC,GAA,0.9452
104,GTC,AAA,0.8776
104,GTC,GCG,0.8249
104,GTC,AAC,0.553
105,CTG,CTG,0.0
105,CTG,GAA,-0.6511
105,CTG,GTC,-0.673
105,CTG,AAA,-0.721
105,CTG,GCG,-0.7355
106,CAT,CTG,2.7673
106,CAT,GAA,1.4046
106,CAT,GCG,1.3957
106,CAT,AAA,1.3292
106,CAT,GTG,1.0232
107,GGC,CTG,1.1321
107,GGC,GAA,0.5042
107,GGC,AAA,0.4439
107,GGC,GCG,0.2432
107,GGC,CGC,0.1235
108,ATT,CTG,1.2184
108,ATT,GGC,1.1544
108,ATT,GAA,0.7544
108,ATT,AAA,0.7533
108,ATT,GCG,0.5685
109,AGT,CTG,2.3238
109,AGT,ATT,2.0885
109,AGT,GAA,1.9462
109,AGT,AAA,1.7124
109,AGT,GCG,1.7018
110,TTG,CTG,2.0727
110,TTG,GAA,1.4062
110,TTG,AAA,1.3418
110,TTG,GCG,1.3102
110,TTG,ATG,1.0031
111,TTG,CTG,1.0956
111,TTG,GAA,0.5362
111,TTG,GCG,0.5147
111,TTG,AAA,0.437
111,TTG,CAG,0.2311
112,GGG,CTG,1.8487
112,GGG,GAA,1.3584
112,GGG,GCG,1.3554
112,GGG,AAA,1.2973
112,GGG,GGC,0.9589
113,CAG,CTG,0.9925
113,CAG,GAA,0.4504
113,CAG,AAA,0.3149
113,CAG,GCG,0.224
113,CAG,GTG,0.1134
114,TGC,CTG,2.3803
114,TGC,CAG,2.2494
114,TGC,GAA,2.0099
114,TGC,AAA,1.9387
114,TGC,GCG,1.8213
115,CCG,CTG,1.3553
115,CCG,GAA,0.9347
115,CCG,GCG,0.6476
115,CCG,AAA,0.6152
115,CCG,ATG,0.5179
116,GAT,CTG,1.236
116,GAT,CCG,0.8728
116,GAT,GAA,0.6475
116,GAT,AAA,0.6006
116,GAT,GCG,0.5593
117,AGC,CTG,1.3876
117,AGC,GAT,1.0448
117,AGC,GAA,0.7538
117,AGC,AAA,0.6337
117,AGC,GCG,0.5228
118,ATC,CTG,1.1984
118,ATC,GAA,0.8143
118,ATC,AGC,0.6724
118,ATC,AAA,0.5904
118,ATC,GCG,0.5147
119,AAC,CTG,0.9018
119,AAC,ATC,0.5477
119,AAC,GAA,0.4324
119,AAC,AAA,0.42
119,AAC,GCG,0.1859
120,GCT,CTG,1.9234
120,GCT,AAC,1.7294
120,GCT,GAA,1.3498
120,GCT,AAA,1.2474
120,GCT,GCG,1.1919
121,GCG,CTG,0.6544
121,GCG,GAA,0.1396
121,GCG,AAA,0.0437
121,GCG,GCG,0.0
121,GCG,ATG,-0.1607
122,CTG,GCG,0.1636
122,CTG,CTG,0.0
122,CTG,GAA,-0.5707
122,CTG,AAA,-0.6719
122,CTG,CAG,-0.9386
123,ATT,CTG,2.0171
123,ATT,GAA,0.7777
123,ATT,GCG,0.7695
123,ATT,AAA,0.7473
123,ATT,GTG,0.4637
124,TGC,CTG,2.3404
124,TGC,ATT,2.1339
124,TGC,GAA,1.9681
124,TGC,AAA,1.763
124,TGC,GCG,1.7253
125,CGT,CTG,1.4751
125,CGT,GAA,1.0025
125,CGT,AAA,0.8989
125,CGT,GCG,0.7559
125,CGT,ATG,0.7359
126,GGC,CTG,1.0187
126,GGC,AAA,0.442
126,GGC,CGT,0.4175
126,GGC,GAA,0.3953
126,GGC,GCG,0.28
127,GAG,CTG,1.3006
127,GAG,GGC,1.1964
127,GAG,GAA,0.9361
127,GAG,AAA,0.7557
127,GAG,GCG,0.5903
128,AAA,CTG,0.6094
128,AAA,GAA,0.1125
128,AAA,GCG,0.0426
128,AAA,GAG,0.0103
128,AAA,AAA,0.0
129,ATG,AAA,1.1722
129,ATG,CTG,0.9115
129,ATG,GAA,0.4278
129,ATG,GCG,0.3302
129,ATG,GGC,0.1488
130,TCG,CTG,2.5184
130,TCG,ATG,2.4238
130,TCG,GAA,2.1061
130,TCG,AAA,1.8976
130,TCG,GCG,1.8144
131,ATC,CTG,1.2223
131,ATC,GAA,0.8199
131,ATC,AAA,0.5829
131,ATC,GCG,0.5364
131,ATC,ACC,0.3467
132,GCC,CTG,1.1448
132,GCC,ATC,0.7473
132,GCC,GAA,0.6759
132,GCC,AAA,0.609
132,GCC,GCG,0.3319
133,ATT,CTG,1.2433
133,ATT,GCC,0.9423
133,ATT,GAA,0.7488
133,ATT,AAA,0.6202
133,ATT,GCG,0.5688
134,ATG,CTG,0.8874
134,ATG,ATT,0.6022
134,ATG,GAA,0.5345
134,ATG,GCG,0.2078
134,ATG,AAA,0.1647
135,GCC,CTG,1.321
135,GCC,ATG,1.0559
135,GCC,GAA,0.7638
135,GCC,AAA,0.715
135,GCC,GCG,0.6093
136,GGC,CTG,0.9362
136,GGC,GCC,0.5332
136,GGC,AAA,0.3549
136,GGC,GAA,0.246
136,GGC,GCG,0.1943
137,GTA,CTG,1.8707
137,GTA,GGC,1.8701
137,GTA,GAA,1.5247
137,GTA,AAA,1.4277
137,GTA,GCG,1.197
138,TTA,CTG,1.8981
138,TTA,GAA,1.4071
138,TTA,AAA,1.365
138,TTA,GCG,1.1406
138,TTA,AAC,1.0269
139,GAA,CTG,0.5721
139,GAA,GAA,0.0
139,GAA,AAA,-0.0153
139,GAA,GCG,-0.1441
139,GAA,GTG,-0.2748
140,GCG,GAA,1.0157
140,GCG,CTG,0.6049
140,GCG,AAA,0.0648
140,GCG,GCG,0.0
140,GCG,GGC,-0.2111
141,CGC,GCG,1.3412
141,CGC,CTG,1.115
141,CGC,GAA,0.5685
141,CGC,AAA,0.5678
141,CGC,GGC,0.2561
142,GGT,CTG,1.1125
142,GGT,CGC,0.881
142,GGT,GAA,0.6425
142,GGT,AAA,0.5246
142,GGT,GCG,0.4608
143,CAC,CTG,2.1448
143,CAC,GGT,1.8457
143,CAC,AAA,1.6115
143,CAC,GAA,1.5432
143,CAC,GCG,1.4239
144,AAC,CTG,1.0687
144,AAC,GAA,0.5516
144,AAC,GCG,0.3745
144,AAC,AAA,0.3404
144,AAC,GGC,0.1533
145,GTT,CTG,1.4817
145,GTT,AAC,1.2255
145,GTT,GAA,1.0054
145,GTT,GCG,0.8489
145,GTT,AAA,0.8382
146,ACT,CTG,2.494
146,ACT,AAA,2.012
146,ACT,GAA,1.9955
146,ACT,GCG,1.7968
146,ACT,GTT,1.7161
147,GTT,CTG,1.5861
147,GTT,GAA,1.1682
147,GTT,AAA,1.0532
147,GTT,GCG,0.9422
147,GTT,CAG,0.7392
148,ATC,CTG,1.1417
148,ATC,AAA,0.6968
148,ATC,GAA,0.6158
148,ATC,GCG,0.5678
148,ATC,GTT,0.4924
149,GAT,CTG,1.2153
149,GAT,ATC,0.8127
149,GAT,GAA,0.707
149,GAT,AAA,0.6875
149,GAT,GCG,0.4249
150,CCG,CTG,1.3746
150,CCG,GAT,1.048
150,CCG,GAA,0.8268
150,CCG,AAA,0.5859
150,CCG,GCG,0.3783
151,GTC,CTG,1.4388
151,GTC,CCG,1.1969
151,GTC,AAA,0.8932
151,GTC,GAA,0.8123
151,GTC,GCG,0.7654
152,GAA,CTG,0.564
152,GAA,GAA,0.0
152,GAA,AAA,-0.1018
152,GAA,GTC,-0.1587
152,GAA,GCG,-0.191
153,AAA,GAA,1.0385
153,AAA,CTG,0.5868
153,AAA,AAA,0.0
153,AAA,GCG,-0.1171
153,AAA,GTG,-0.1708
154,CTG,AAA,0.3977
154,CTG,CTG,0.0
154,CTG,GAA,-0.4795
154,CTG,GCG,-0.5879
154,CTG,GGC,-0.747
155,CTG,CTG,0.0
155,CTG,GCG,-1.2243
155,CTG,GAA,-1.2327
155,CTG,AAA,-1.3901
155,CTG,ATG,-1.5745
156,GCA,CTG,2.2617
156,GCA,GAA,1.0231
156,GCA,GCG,0.9953
156,GCA,AAA,0.9886
156,GCA,GTG,0.6767
157,GTG,CTG,0.9288
157,GTG,AAA,0.5395
157,GTG,GAA,0.5385
157,GTG,GCA,0.4595
157,GTG,GCG,0.2009
158,GGG,CTG,1.9462
158,GGG,GTG,1.8713
158,GGG,GAA,1.4999
158,GGG,AAA,1.3067
158,GGG,GCG,1.1599
159,CAT,CTG,2.0175
159,CAT,GAA,1.5034
159,CAT,AAA,1.3928
159,CAT,GCG,1.1673
159,CAT,GTG,1.1046
160,TAC,CTG,2.0095
160,TAC,GAA,1.5022
160,TAC,AAA,1.4441
160,TAC,GCG,1.3853
160,TAC,CAG,1.1496
161,CTC,CTG,2.0428
161,CTC,GAA,1.5042
161,CTC,AAA,1.4409
161,CTC,CAG,1.2504
161,CTC,GCG,1.2399
162,GAA,CTG,0.6557
162,GAA,GAA,0.0
162,GAA,AAA,-0.1282
162,GAA,GCG,-0.1966
162,GAA,CAG,-0.2108
163,TCT,GAA,2.8709
163,TCT,CTG,2.4172
163,TCT,AAA,1.8195
163,TCT,GCG,1.7573
163,TCT,ATG,1.6552
164,ACC,CTG,1.0998
164,ACC,GAA,0.602
164,ACC,AAA,0.5463
164,ACC,GCG,0.4401
164,ACC,ATG,0.2605
165,GTC,CTG,1.4481
165,GTC,ACC,1.1749
165,GTC,GAA,0.9015
165,GTC,AAA,0.7875
165,GTC,GCG,0.7237
166,GAT,CTG,1.2666
166,GAT,GAA,0.7347
166,GAT,AAA,0.6753
166,GAT,GCG,0.5795
166,GAT,GTC,0.5474
167,ATT,CTG,1.36
167,ATT,GAT,1.1566
167,ATT,GAA,0.736
167,ATT,AAA,0.6204
167,ATT,GCG,0.4481
168,GCT,CTG,1.9295
168,GCT,ATT,1.5805
168,GCT,GAA,1.4755
168,GCT,AAA,1.287
168,GCT,GCG,1.1825
169,GAG,CTG,1.3672
169,GAG,GAA,0.8276
169,GAG,GCG,0.7441
169,GAG,AAA,0.6831
169,GAG,ATG,0.5364
170,TCC,CTG,2.2946
170,TCC,GAA,1.7063
170,TCC,GAG,1.6808
170,TCC,AAA,1.6424
170,TCC,GCG,1.5869
171,ACC,CTG,0.9203
171,ACC,GAA,0.5292
171,ACC,AAA,0.2137
171,ACC,GCG,0.2104
171,ACC,GTG,0.0957
172,CGC,CTG,1.1137
172,CGC,ACC,0.8651
172,CGC,GAA,0.634
172,CGC,AAA,0.4456
172,CGC,GCG,0.4152
173,CGT,CTG,1.3176
173,CGT,CGC,1.1331
173,CGT,AAA,0.7877
173,CGT,GAA,0.7707
173,CGT,GCG,0.621
174,ATT,CTG,1.3553
174,ATT,CGT,0.8556
174,ATT,AAA,0.8328
174,ATT,GAA,0.7718
174,ATT,GCG,0.5774
175,GCG,CTG,0.8199
175,GCG,ATT,0.541
175,GCG,GAA,0.3664
175,GCG,AAA,0.0646
175,GCG,GCG,0.0
176,GCA,GCG,1.7966
176,GCA,CTG,1.5363
176,GCA,GAA,0.9451
176,GCA,AAA,0.9023
176,GCA,CAG,0.7108
177,AGC,CTG,1.296
177,AGC,GAA,0.8456
177,AGC,AAA,0.7392
177,AGC,GCA,0.6719
177,AGC,GCG,0.5185
178,CGC,CTG,1.0877
178,CGC,GAA,0.7235
178,CGC,AAA,0.5847
178,CGC,AGC,0.5449
178,CGC,GCG,0.5088
179,ATT,CTG,1.2134
179,ATT,CGC,0.9586
179,ATT,GAA,0.6955
179,ATT,AAA,0.5711
179,ATT,GCG,0.4546
180,CCG,CTG,1.2024
180,CCG,ATT,1.0796
180,CCG,GAA,0.7957
180,CCG,AAA,0.471
180,CCG,GCG,0.4385
181,GCT,CTG,1.9865
181,GCT,CCG,1.647
181,GCT,GAA,1.3599
181,GCT,AAA,1.3567
181,GCT,GCG,1.2962
182,GAT,CTG,1.1603
182,GAT,GAA,0.7211
182,GAT,AAA,0.636
182,GAT,GCG,0.5493
182,GAT,CAG,0.3214
183,CAC,CTG,2.1551
183,CAC,GAT,1.7923
183,CAC,GAA,1.5163
183,CAC,AAA,1.3479
183,CAC,GCG,1.3057
184,ATG,CTG,0.8094
184,ATG,GAA,0.3845
184,ATG,GCG,0.2706
184,ATG,AAA,0.2589
184,ATG,ATG,0.0
185,GTG,CTG,1.05
185,GTG,ATG,0.8029
185,GTG,AAA,0.479
185,GTG,GAA,0.4279
185,GTG,GCG,0.2549
186,CTG,GTG,0.0515
186,CTG,CTG,0.0
186,CTG,GAA,-0.374
186,CTG,AAA,-0.5575
186,CTG,GCG,-0.6762
187,ATG,CTG,1.7405
187,ATG,AAA,0.4963
187,ATG,GAA,0.4243
187,ATG,GCG,0.414
187,ATG,GTG,0.1048
188,GCA,CTG,1.5091
188,GCA,ATG,1.3946
188,GCA,GAA,1.0336
188,GCA,AAA,0.9536
188,GCA,GCG,0.7592
189,GGT,CTG,1.122
189,GGT,GAA,0.617
189,GGT,AAA,0.5455
189,GGT,GCA,0.4055
189,GGT,GCG,0.3079
190,TTC,CTG,1.9366
190,TTC,GGT,1.6348
190,TTC,GAA,1.4114
190,TTC,AAA,1.3821
190,TTC,GCG,1.2434
191,ACC,CTG,0.9969
191,ACC,GAA,0.5489
191,ACC,AAA,0.4056
191,ACC,GCG,0.2224
191,ACC,GTG,0.0843
192,GCC,CTG,1.2055
192,GCC,ACC,0.8486
192,GCC,GAA,0.6929
192,GCC,AAA,0.5377
192,GCC,GCG,0.4139
193,GGT,CTG,1.2873
193,GGT,GCC,0.933
193,GGT,GAA,0.6347
193,GGT,AAA,0.5549
193,GGT,GCG,0.4307
194,AAT,CTG,1.61
194,AAT,GGT,1.28
194,AAT,AAA,0.954
194,AAT,GAA,0.9505
194,AAT,GCG,0.8956
195,GAA,CTG,0.438
195,GAA,GAA,0.0
195,GAA,AAT,-0.1496
195,GAA,AAA,-0.1591
195,GAA,GCG,-0.2255
196,AAA,GAA,0.9127
196,AAA,CTG,0.4554
196,AAA,AAA,0.0
196,AAA,GCG,-0.1409
196,AAA,ATG,-0.3188
197,GGC,AAA,1.0778
197,GGC,CTG,0.8249
197,GGC,GAA,0.3406
197,GGC,GCG,0.1077
197,GGC,ATG,0.0112
198,GAA,CTG,0.4269
198,GAA,GGC,0.3336
198,GAA,GAA,0.0
198,GAA,AAA,-0.0359
198,GAA,GCG,-0.3382
199,CTG,GAA,0.5187
199,CTG,CTG,0.0
199,CTG,AAA,-0.5077
199,CTG,ATG,-0.7411
199,CTG,GCG,-0.7443
200,GTG,CTG,1.6374
200,GTG,GAA,0.395
200,GTG,AAA,0.3092
200,GTG,GCG,0.2467
200,GTG,ATG,0.0141
201,GTG,CTG,0.0211
201,GTG,GTG,0.0
201,GTG,GAA,-0.4367
201,GTG,AAA,-0.616
201,GTG,GCG,-0.7216
202,CTT,CTG,2.1265
202,CTT,GTG,1.955
202,CTT,GAA,1.5466
202,CTT,AAA,1.4402
202,CTT,GCG,1.1893
203,GGA,CTG,2.0361
203,GGA,GAA,1.4436
203,GGA,AAA,1.3869
203,GGA,GCG,1.2938
203,GGA,ATG,1.1618
204,CGC,CTG,0.9469
204,CGC,GAA,0.4179
204,CGC,AAA,0.3469
204,CGC,CAG,0.0798
204,CGC,GCG,0.0493
205,AAC,CTG,0.9841
205,AAC,CGC,0.6898
205,AAC,AAA,0.4749
205,AAC,GAA,0.4263
205,AAC,GCG,0.2103
206,GGT,CTG,1.1058
206,GGT,AAC,0.8159
206,GGT,GAA,0.5826
206,GGT,AAA,0.4077
206,GGT,GCG,0.3781
207,TCC,CTG,2.4711
207,TCC,GGT,2.1448
207,TCC,AAA,1.8142
207,TCC,GAA,1.7923
207,TCC,GCG,1.6494
208,GAC,CTG,1.3226
208,GAC,GAA,0.9827
208,GAC,AAA,0.637
208,GAC,GCG,0.6044
208,GAC,AAC,0.4353
209,TAC,CTG,2.0515
209,TAC,GAA,1.4627
209,TAC,AAA,1.4524
209,TAC,GAC,1.4175
209,TAC,GCG,1.3761
210,TCT,CTG,2.3757
210,TCT,GAA,1.9036
210,TCT,AAA,1.7293
210,TCT,GCG,1.6797
210,TCT,GTG,1.5246
211,GCT,CTG,1.8904
211,GCT,AAA,1.4959
211,GCT,GAA,1.4798
211,GCT,GCG,1.3175
211,GCT,CAG,1.098
212,GCG,CTG,0.6641
212,GCG,GAA,0.2378
212,GCG,AAA,0.1791
212,GCG,GCG,0.0
212,GCG,ATG,-0.1711
213,GTG,GCG,1.0977
213,GTG,CTG,1.009
213,GTG,GAA,0.2868
213,GTG,AAA,0.2647
213,GTG,GTG,0.0
214,CTG,CTG,0.0
214,CTG,GTG,-0.1086
214,CTG,GAA,-0.518
214,CTG,AAA,-0.6315
214,CTG,GCG,-0.7532
215,GCT,CTG,2.6535
215,GCT,AAA,1.4044
215,GCT,GAA,1.3838
215,GCT,GCG,1.3481
215,GCT,ATG,1.0258
216,GCC,CTG,1.2622
216,GCC,GAA,0.6702
216,GCC,AAA,0.6269
216,GCC,GCG,0.574
216,GCC,ATG,0.2847
217,TGT,CTG,2.9241
217,TGT,GCC,2.528
217,TGT,GAA,2.3747
217,TGT,AAA,2.3097
217,TGT,GCG,2.2303
218,TTA,CTG,1.8938
218,TTA,GAA,1.32
218,TTA,AAA,1.2329
218,TTA,GCG,1.1669
218,TTA,GTG,0.9924
219,CGC,CTG,1.153
219,CGC,GAA,0.4867
219,CGC,AAA,0.4508
219,CGC,GCG,0.2902
219,CGC,GTG,0.2594
220,GCC,CTG,1.1925
220,GCC,CGC,0.9314
220,GCC,GAA,0.6181
220,GCC,AAA,0.5454
220,GCC,GCG,0.4501
221,GAT,CTG,1.1633
221,GAT,GCC,0.853
221,GAT,AAA,0.6472
221,GAT,GAA,0.5901
221,GAT,GCG,0.4721
222,TGT,CTG,2.9142
222,TGT,GAT,2.6664
222,TGT,GAA,2.3135
222,TGT,AAA,2.1268
222,TGT,GCG,1.919
223,TGC,CTG,2.5794
223,TGC,GAA,1.9741
223,TGC,AAA,1.8795
223,TGC,GCG,1.8217
223,TGC,CAG,1.6923
224,GAG,CTG,1.3368
224,GAG,GAA,0.9649
224,GAG,GCG,0.7439
224,GAG,AAA,0.6797
224,GAG,ATG,0.5037
225,ATT,CTG,1.099
225,ATT,GAA,0.5673
225,ATT,GAG,0.5103
225,ATT,GCG,0.4432
225,ATT,AAA,0.3751
226,TGG,CTG,1.6214
226,TGG,ATT,1.4484
226,TGG,GAA,1.3012
226,TGG,AAA,0.9901
226,TGG,GCG,0.9796
227,ACG,CTG,1.8542
227,ACG,GAA,1.2859
227,ACG,AAA,1.1384
227,ACG,TGG,1.0129
227,ACG,AAC,0.9364
228,GAC,CTG,1.318
228,GAC,GAA,0.8156
228,GAC,GCG,0.5725
228,GAC,AAA,0.5463
228,GAC,ATG,0.4165
229,GTT,CTG,1.5782
229,GTT,GAC,1.0024
229,GTT,GAA,0.9696
229,GTT,AAA,0.9118
229,GTT,GCG,0.9067
230,GAC,CTG,1.4335
230,GAC,GAA,0.8823
230,GAC,AAA,0.8162
230,GAC,GCG,0.679
230,GAC,ATG,0.5339
231,GGG,CTG,2.1332
231,GGG,GAC,1.5742
231,GGG,GAA,1.5538
231,GGG,GCG,1.3904
231,GGG,AAA,1.3844
232,GTC,CTG,1.3781
232,GTC,GAA,0.9473
232,GTC,AAA,0.7132
232,GTC,GTG,0.6053
232,GTC,GCG,0.5578
233,TAT,CTG,1.8386
233,TAT,GAA,1.2693
233,TAT,AAA,1.2222
233,TAT,GCG,1.1467
233,TAT,GTC,1.1093
234,ACC,CTG,1.2071
234,ACC,GAA,0.4898
234,ACC,AAA,0.4562
234,ACC,GCG,0.3954
234,ACC,GTG,0.1688
235,TGC,CTG,2.5362
235,TGC,ACC,2.1877
235,TGC,GAA,2.0694
235,TGC,AAA,1.8674
235,TGC,GCG,1.7727
236,GAC,CTG,1.1519
236,GAC,GAA,0.7541
236,GAC,GCG,0.4984
236,GAC,AAA,0.4448
236,GAC,ATG,0.2783
237,CCG,CTG,1.1445
237,CCG,GAC,0.6621
237,CCG,GAA,0.5939
237,CCG,AAA,0.5523
237,CCG,GCG,0.4476
238,CGT,CTG,1.3853
238,CGT,CCG,1.0687
238,CGT,AAA,0.8432
238,CGT,GAA,0.7996
238,CGT,GCG,0.6512
239,CAG,CTG,0.9114
239,CAG,CGT,0.4035
239,CAG,GAA,0.3642
239,CAG,AAA,0.3437
239,CAG,GCG,0.1538
240,GTG,CTG,0.7924
240,GTG,CAG,0.7262
240,GTG,GAA,0.374
240,GTG,AAA,0.3045
240,GTG,GCG,0.1718
241,CCC,CTG,2.6104
241,CCC,GTG,2.5078
241,CCC,GAA,2.1049
241,CCC,AAA,1.948
241,CCC,GCG,1.8421
242,GAT,CTG,1.3438
242,GAT,GAA,0.6776
242,GAT,AAA,0.6269
242,GAT,GCG,0.5201
242,GAT,GTG,0.3243
243,GCG,CTG,0.9736
243,GCG,GAT,0.7408
243,GCG,GAA,0.4112
243,GCG,AAA,0.2388
243,GCG,GCG,0.0
244,AGG,GCG,4.1858
244,AGG,CTG,4.1166
244,AGG,GAA,3.5398
244,AGG,AAA,3.5312
244,AGG,CAG,3.1152
245,TTG,CTG,2.0899
245,TTG,GAA,1.3981
245,TTG,AAA,1.3403
245,TTG,GCG,1.3248
245,TTG,CAG,1.05
246,TTG,CTG,1.13
246,TTG,GAA,0.628
246,TTG,AAA,0.501
246,TTG,GCG,0.3696
246,TTG,CGC,0.2106
247,AAG,CTG,2.3141
247,AAG,GAA,1.6176
247,AAG,GCG,1.5868
247,AAG,AAA,1.5835
247,AAG,AAC,1.3766
248,TCG,CTG,2.441
248,TCG,AAA,1.8696
248,TCG,GAA,1.7245
248,TCG,GCG,1.7178
248,TCG,ATG,1.5778
249,ATG,CTG,0.9756
249,ATG,GAA,0.431
249,ATG,AAA,0.2586
249,ATG,GCG,0.2102
249,ATG,GTG,0.0374
250,TCC,CTG,2.4485
250,TCC,ATG,2.3144
250,TCC,GAA,1.9414
250,TCC,AAA,1.8859
250,TCC,GCG,1.6324
251,TAC,CTG,2.0655
251,TAC,GAA,1.5695
251,TAC,AAA,1.4092
251,TAC,GCG,1.3023
251,TAC,GTG,1.2604
252,CAG,CTG,0.9106
252,CAG,GAA,0.2984
252,CAG,AAA,0.2127
252,CAG,GCG,0.1799
252,CAG,AAC,0.0137
253,GAA,CTG,0.4555
253,GAA,CAG,0.354
253,GAA,GAA,0.0
253,GAA,AAA,-0.1188
253,GAA,GCG,-0.1399
254,GCG,GAA,1.0814
254,GCG,CTG,0.687
254,GCG,AAA,0.1275
254,GCG,GCG,0.0
254,GCG,GGC,-0.1047
255,ATG,GCG,1.1433
255,ATG,CTG,1.0821
255,ATG,GAA,0.4352
255,ATG,AAA,0.4065
255,ATG,CAG,0.0931
256,GAG,CTG,1.4756
256,GAG,ATG,1.4254
256,GAG,GAA,1.0277
256,GAG,AAA,0.9705
256,GAG,GCG,0.8223
257,CTT,CTG,1.8692
257,CTT,GAA,1.4286
257,CTT,GAG,1.3289
257,CTT,AAA,1.3289
257,CTT,GCG,1.2683
258,TCC,CTG,2.3488
258,TCC,GAA,1.8415
258,TCC,AAA,1.6892
258,TCC,GCG,1.6498
258,TCC,ATG,1.4556
259,TAC,CTG,1.9558
259,TAC,GAA,1.6048
259,TAC,AAA,1.3802
259,TAC,GCG,1.3428
259,TAC,CAG,1.0948
260,TTC,CTG,1.8479
260,TTC,GAA,1.3872
260,TTC,AAA,1.3059
260,TTC,GCG,1.2332
260,TTC,ATG,1.0303
261,GGC,CTG,0.9294
261,GGC,GAA,0.567
261,GGC,AAA,0.3917
261,GGC,GCG,0.2338
261,GGC,ATG,0.0584
262,GCT,GGC,1.8175
262,GCT,CTG,1.8032
262,GCT,GAA,1.4925
262,GCT,AAA,1.4219
262,GCT,GCG,1.236
263,AAA,CTG,0.4887
263,AAA,GAA,0.0691
263,AAA,AAA,0.0
263,AAA,GCG,-0.1048
263,AAA,ATG,-0.2693
264,GTT,AAA,1.8864
264,GTT,CTG,1.4993
264,GTT,GAA,1.0857
264,GTT,GCG,0.9815
264,GTT,ATG,0.7244
265,CTT,CTG,2.1546
265,CTT,AAA,1.6776
265,CTT,GAA,1.6729
265,CTT,GCG,1.5413
265,CTT,GTT,1.4082
266,CAC,CTG,2.0163
266,CAC,GAA,1.51
266,CAC,AAA,1.3592
266,CAC,GCG,1.3216
266,CAC,ATG,1.1237
267,CCC,CTG,2.6796
267,CCC,GAA,2.2574
267,CCC,GCG,2.1365
267,CCC,AAA,2.1107
267,CCC,ATG,1.9116
268,CGC,CTG,1.1274
268,CGC,GAA,0.6914
268,CGC,AAA,0.5836
268,CGC,GCG,0.5126
268,CGC,ATG,0.2626
269,ACC,CTG,1.0458
269,ACC,CGC,0.8535
269,ACC,GAA,0.6376
269,ACC,AAA,0.5488
269,ACC,GCG,0.4653
270,ATT,CTG,1.0819
270,ATT,ACC,0.8266
270,ATT,GAA,0.6804
270,ATT,AAA,0.5452
270,ATT,GCG,0.4712
271,ACC,CTG,0.9373
271,ACC,ATT,0.7701
271,ACC,GAA,0.6295
271,ACC,AAA,0.3912
271,ACC,GCG,0.325
272,CCC,CTG,2.7133
272,CCC,ACC,2.4553
272,CCC,GAA,2.3106
272,CCC,AAA,2.175
272,CCC,GCG,2.0973
273,ATC,CTG,1.2249
273,ATC,GAA,0.7895
273,ATC,AAA,0.6807
273,ATC,GCG,0.6123
273,ATC,ATG,0.3628
274,GCC,CTG,1.0775
274,GCC,ATC,0.7942
274,GCC,GAA,0.685
274,GCC,AAA,0.6626
274,GCC,GCG,0.4534
275,CAG,CTG,0.8754
275,CAG,GCC,0.5987
275,CAG,GAA,0.4096
275,CAG,AAA,0.3803
275,CAG,GCG,0.3075
276,TTC,CTG,1.7893
276,TTC,CAG,1.7309
276,TTC,GAA,1.4481
276,TTC,AAA,1.3848
276,TTC,GCG,1.3007
277,CAG,CTG,0.9032
277,CAG,GAA,0.5389
277,CAG,AAA,0.3616
277,CAG,GCG,0.2027
277,CAG,ATG,0.0316
278,ATC,CTG,1.1916
278,ATC,CAG,1.1313
278,ATC,GAA,0.8466
278,ATC,AAA,0.7848
278,ATC,GCG,0.698
279,CCT,CTG,2.5313
279,CCT,ATC,2.2515
279,CCT,GAA,2.1451
279,CCT,AAA,2.126
279,CCT,GCG,1.9265
280,TGC,CTG,2.399
280,TGC,GAA,1.9856
280,TGC,AAA,1.9393
280,TGC,GCG,1.832
280,TGC,ATG,1.5646
281,CTG,CTG,0.0
281,CTG,GAA,-0.3035
281,CTG,AAA,-0.5577
281,CTG,GCG,-0.5937
281,CTG,ATG,-0.7321
282,ATT,CTG,1.9418
282,ATT,GCG,0.7528
282,ATT,AAA,0.7505
282,ATT,GAA,0.7242
282,ATT,ATG,0.3909
283,AAA,CTG,0.5482
283,AAA,ATT,0.3821
283,AAA,GAA,0.2395
283,AAA,AAA,0.0
283,AAA,GCG,-0.0695
284,AAT,AAA,1.7419
284,AAT,CTG,1.3519
284,AAT,GAA,0.9424
284,AAT,GCG,0.8469
284,AAT,ATG,0.5778
285,ACC,CTG,0.9948
285,ACC,GAA,0.6375
285,ACC,AAA,0.5165
285,ACC,AAT,0.4866
285,ACC,GCG,0.4377
286,GGA,CTG,1.8947
286,GGA,ACC,1.638
286,GGA,GAA,1.4925
286,GGA,AAA,1.3572
286,GGA,GCG,1.2808
287,AAT,CTG,1.4197
287,AAT,GAA,1.0146
287,AAT,AAA,0.9378
287,AAT,GCG,0.7661
287,AAT,ATG,0.6099
288,CCT,CTG,2.5851
288,CCT,GAA,2.2302
288,CCT,AAA,2.1108
288,CCT,AAT,2.0802
288,CCT,GCG,2.0348
289,CAA,CTG,1.5049
289,CAA,GAA,1.0879
289,CAA,AAA,1.0375
289,CAA,GCG,0.9278
289,CAA,ATG,0.669
290,GCA,CTG,1.5026
290,GCA,GAA,1.0789
290,GCA,AAA,0.9571
290,GCA,GCG,0.9085
290,GCA,CAA,0.8268
291,CCA,CTG,2.0723
291,CCA,GAA,1.6639
291,CCA,AAA,1.624
291,CCA,GCA,1.5497
291,CCA,GCG,1.3729
292,GGT,CTG,0.9299
292,GGT,GAA,0.6089
292,GGT,AAA,0.4863
292,GGT,GCG,0.3222
292,GGT,ATG,0.1532
293,ACG,CTG,1.8584
293,ACG,GGT,1.7117
293,ACG,GAA,1.3811
293,ACG,AAA,1.365
293,ACG,GCG,1.2503
294,CTC,CTG,2.1157
294,CTC,GAA,1.6823
294,CTC,GCG,1.5147
294,CTC,AAA,1.4663
294,CTC,ATG,1.3456
295,ATT,CTG,1.2114
295,ATT,GAA,0.6488
295,ATT,AAA,0.5738
295,ATT,GCG,0.4736
295,ATT,CAG,0.3215
296,GGT,CTG,0.9593
296,GGT,ATT,0.7925
296,GGT,GAA,0.6515
296,GGT,AAA,0.4114
296,GGT,GCG,0.3443
297,GCC,CTG,1.213
297,GCC,GGT,1.0636
297,GCC,GAA,0.7313
297,GCC,AAA,0.7145
297,GCC,GCG,0.5981
298,AGC,CTG,1.3272
298,AGC,GCC,1.0528
298,AGC,GAA,0.865
298,AGC,AAA,0.8388
298,AGC,GCG,0.7714
299,CGT,CTG,1.2767
299,CGT,GAA,0.9392
299,CGT,AGC,0.8223
299,CGT,AAA,0.8168
299,CGT,GCG,0.6845
300,GAT,CTG,1.0684
300,GAT,CGT,0.6463
300,GAT,GAA,0.5608
300,GAT,AAA,0.5589
300,GAT,GCG,0.4305
301,GAA,CTG,0.5072
301,GAA,GAT,0.2278
301,GAA,GAA,0.0
301,GAA,AAA,-0.1365
301,GAA,GCG,-0.2936
302,GAC,GAA,1.828
302,GAC,CTG,1.2761
302,GAC,AAA,0.8159
302,GAC,GCG,0.7205
302,GAC,ATG,0.5502
303,GAA,CTG,0.4842
303,GAA,GAA,0.0
303,GAA,GAC,-0.0223
303,GAA,AAA,-0.0927
303,GAA,GCG,-0.1229
304,TTA,GAA,2.4705
304,TTA,CTG,1.9137
304,TTA,AAA,1.4597
304,TTA,GCG,1.3711
304,TTA,ATG,1.1876
305,CCG,CTG,1.188
305,CCG,AAA,0.7554
305,CCG,GAA,0.7138
305,CCG,GCG,0.5076
305,CCG,ATG,0.3293
306,GTC,CTG,1.365
306,GTC,CCG,1.068
306,GTC,GAA,0.8785
306,GTC,AAA,0.8629
306,GTC,GCG,0.7932
307,AAG,CTG,2.3262
307,AAG,GAA,1.8454
307,AAG,AAA,1.7409
307,AAG,GCG,1.6831
307,AAG,GTC,1.632
308,GGC,CTG,0.8714
308,GGC,AAA,0.355
308,GGC,GAA,0.3516
308,GGC,GCG,0.2418
308,GGC,ATG,0.1111
309,ATT,GGC,1.1464
309,ATT,CTG,1.1305
309,ATT,GAA,0.8202
309,ATT,AAA,0.7511
309,ATT,GCG,0.5632
310,TCC,CTG,2.143
310,TCC,ATT,1.9778
310,TCC,GAA,1.8299
310,TCC,AAA,1.5889
310,TCC,GCG,1.5176
311,AAT,CTG,1.3878
311,AAT,GAA,1.0332
311,AAT,AAA,0.8049
311,AAT,GCG,0.7621
311,AAT,CAG,0.5237
312,CTG,CTG,0.0
312,CTG,GAA,-0.3625
312,CTG,AAA,-0.4835
312,CTG,AAT,-0.5133
312,CTG,GCG,-0.5683
313,AAT,CTG,2.1403
313,AAT,GCG,0.9861
313,AAT,AAA,0.9653
313,AAT,GAA,0.9343
313,AAT,ATG,0.5913
314,AAC,CTG,0.9412
314,AAC,GAA,0.5765
314,AAC,AAA,0.453
314,AAC,AAT,0.4274
314,AAC,GCG,0.3651
315,ATG,CTG,0.8743
315,ATG,AAC,0.5994
315,ATG,GAA,0.4639
315,ATG,AAA,0.2768
315,ATG,GCG,0.265
316,GCA,CTG,1.538
316,GCA,ATG,1.4857
316,GCA,GAA,1.0893
316,GCA,AAA,1.0334
316,GCA,GCG,0.883
317,ATG,CTG,0.8375
317,ATG,GAA,0.4262
317,ATG,AAA,0.3841
317,ATG,GCA,0.3116
317,ATG,GCG,0.1315
318,TTC,CTG,1.9696
318,TTC,ATG,1.9203
318,TTC,GAA,1.5219
318,TTC,AAA,1.468
318,TTC,GCG,1.3172
319,AGC,CTG,1.3147
319,AGC,GAA,0.9498
319,AGC,AAA,0.7723
319,AGC,GCG,0.6141
319,AGC,ATG,0.4424
320,GTT,CTG,1.5639
320,GTT,GAA,1.222
320,GTT,AGC,1.1033
320,GTT,AAA,1.0986
320,GTT,GCG,0.9616
321,TCT,CTG,2.4777
321,TCT,AAA,1.9946
321,TCT,GAA,1.9908
321,TCT,GCG,1.8512
321,TCT,GTT,1.7334
322,GGT,CTG,0.946
322,GGT,GAA,0.6397
322,GGT,AAA,0.6041
322,GGT,GCG,0.4499
322,GGT,ATG,0.1954
323,CCG,CTG,1.2466
323,CCG,GGT,1.0985
323,CCG,GAA,0.7646
323,CCG,AAA,0.7462
323,CCG,GCG,0.6277
324,GGG,CTG,2.0916
324,GGG,CCG,1.7915
324,GGG,GAA,1.6025
324,GGG,AAA,1.585
324,GGG,GCG,1.5141
325,ATG,CTG,0.8861
325,ATG,GAA,0.4793
325,ATG,AAA,0.3795
325,ATG,GCG,0.2212
325,ATG,GGC,0.0199
326,AAA,CTG,0.503
326,AAA,ATG,0.4517
326,AAA,GAA,0.0536
326,AAA,AAA,0.0
326,AAA,GCG,-0.1482
327,GGG,AAA,2.4877
327,GGG,CTG,2.094
327,GGG,GAA,1.6851
327,GGG,GCG,1.5958
327,GGG,ATG,1.3226
328,ATG,CTG,0.8848
328,ATG,GAA,0.4794
328,ATG,AAA,0.3793
328,ATG,GCG,0.2226
328,ATG,GGC,0.0196
329,GTC,CTG,1.5413
329,GTC,ATG,1.4896
329,GTC,GAA,1.095
329,GTC,AAA,1.0426
329,GTC,GCG,0.8975
330,GGC,CTG,0.9396
330,GGC,GAA,0.4571
330,GGC,AAA,0.3523
330,GGC,GCG,0.293
330,GGC,GTC,0.2435
331,ATG,GGC,0.7865
331,ATG,CTG,0.7689
331,ATG,GAA,0.4589
331,ATG,AAA,0.3922
331,ATG,GCG,0.2061
332,GCG,CTG,0.6434
332,GCG,ATG,0.5918
332,GCG,GAA,0.1978
332,GCG,AAA,0.1477
332,GCG,GCG,0.0
333,GCG,GCG,0.0
333,GCG,CTG,-0.2389
333,GCG,GAA,-0.7169
333,GCG,AAA,-0.7882
333,GCG,ATG,-1.1225
334,CGC,GCG,1.2219
334,CGC,CTG,1.0014
334,CGC,GAA,0.52
334,CGC,AAA,0.4457
334,CGC,ATG,0.1181
335,GTC,CTG,1.4321
335,GTC,CGC,1.2399
335,GTC,GAA,1.025
335,GTC,AAA,0.9369
335,GTC,GCG,0.8571
336,TTT,CTG,1.3434
336,TTT,GAA,0.8612
336,TTT,AAA,0.7569
336,TTT,GCG,0.6981
336,TTT,GTC,0.647
337,GCA,CTG,1.4359
337,GCA,TTT,1.105
337,GCA,GAA,0.9297
337,GCA,AAA,0.8817
337,GCA,GCG,0.7027
338,GCG,CTG,0.7016
338,GCG,GAA,0.2902
338,GCG,AAA,0.2504
338,GCG,GCA,0.1751
338,GCG,GCG,0.0
339,ATG,GCG,1.1425
339,ATG,CTG,0.8863
339,ATG,GAA,0.4098
339,ATG,AAA,0.3473
339,ATG,ATG,0.0
340,TCA,CTG,2.5919
340,TCA,ATG,2.5411
340,TCA,GAA,2.1428
340,TCA,AAA,2.0913
340,TCA,GCG,1.9446
341,CGC,CTG,1.0157
341,CGC,GAA,0.6032
341,CGC,AAA,0.4655
341,CGC,GCG,0.3926
341,CGC,ATG,0.2083
342,GCC,CTG,1.1841
342,GCC,CGC,0.9908
342,GCC,GAA,0.7755
342,GCC,AAA,0.6871
342,GCC,GCG,0.6082
343,CGT,CTG,1.3565
343,CGT,GCC,1.0805
343,CGT,GAA,0.8856
343,CGT,AAA,0.8598
343,CGT,GCG,0.7785
344,ATT,CTG,1.2105
344,ATT,CGT,0.7874
344,ATT,GAA,0.7043
344,ATT,AAA,0.703
344,ATT,GCG,0.5778
345,TCC,CTG,2.1434
345,TCC,ATT,1.9781
345,TCC,GAA,1.8307
345,TCC,AAA,1.5886
345,TCC,GCG,1.5203
346,GTG,CTG,0.9591
346,GTG,GAA,0.6073
346,GTG,AAA,0.3809
346,GTG,GCG,0.3434
346,GTG,CAG,0.0981
347,GTG,CTG,0.1077
347,GTG,GTG,0.0
347,GTG,GAA,-0.2501
347,GTG,AAA,-0.3647
347,GTG,GCG,-0.4648
348,CTG,CTG,0.0
348,CTG,GTG,-0.1261
348,CTG,GAA,-0.3699
348,CTG,AAA,-0.4887
348,CTG,GCG,-0.6016
349,ATT,CTG,1.9486
349,ATT,GCG,0.7788
349,ATT,AAA,0.7644
349,ATT,GAA,0.7366
349,ATT,ATG,0.3948
350,ACG,CTG,1.7901
350,ACG,ATT,1.6234
350,ACG,GAA,1.4779
350,ACG,AAA,1.2355
350,ACG,GCG,1.1659
351,CAA,CTG,1.5291
351,CAA,GAA,1.093
351,CAA,GCG,0.9229
351,CAA,AAA,0.8764
351,CAA,ATG,0.7585
352,TCA,CTG,2.6028
352,TCA,GAA,2.1726
352,TCA,AAA,2.0476
352,TCA,GCG,1.9935
352,TCA,CAA,1.9183
353,TCT,CTG,2.4697
353,TCT,GAA,2.0591
353,TCT,AAA,1.921
353,TCT,GCG,1.8481
353,TCT,ATG,1.6629
354,TCC,CTG,2.2501
354,TCC,GAA,1.9425
354,TCC,AAA,1.9061
354,TCC,GCG,1.7505
354,TCC,ATG,1.5018
355,GAA,CTG,0.3549
355,GAA,GAA,0.0
355,GAA,AAA,-0.2275
355,GAA,GCG,-0.2692
355,GAA,CAG,-0.5101
356,TAC,GAA,2.5665
356,TAC,CTG,2.011
356,TAC,AAA,1.5565
356,TAC,GCG,1.4666
356,TAC,ATG,1.2853
357,AGC,CTG,1.3182
357,AGC,GAA,0.8527
357,AGC,AAA,0.7665
357,AGC,GCG,0.6886
357,AGC,ATG,0.5005
358,ATC,CTG,1.1668
358,ATC,GAA,0.8267
358,ATC,AGC,0.7078
358,ATC,AAA,0.7031
358,ATC,GCG,0.5672
359,AGT,CTG,2.2985
359,AGT,ATC,2.0159
359,AGT,GAA,1.9032
359,AGT,AAA,1.8804
359,AGT,GCG,1.6687
360,TTC,CTG,2.0004
360,TTC,GAA,1.471
360,TTC,AAA,1.3779
360,TTC,GCG,1.3034
360,TTC,ATG,1.0778
361,TGC,CTG,2.4949
361,TGC,GAA,2.1243
361,TGC,AAA,1.9459
361,TGC,GCG,1.7788
361,TGC,ATG,1.6212
362,GTT,CTG,1.5124
362,GTT,GAA,1.202
362,GTT,AAA,0.9437
362,GTT,GCG,0.9019
362,GTT,ATG,0.7794
363,CCA,CTG,2.1644
363,CCA,AAA,1.6837
363,CCA,GAA,1.6787
363,CCA,GCG,1.5434
363,CCA,GTT,1.4208
364,CAA,CTG,1.4223
364,CAA,GAA,1.0978
364,CAA,AAA,0.9742
364,CAA,GCG,0.8065
364,CAA,ATG,0.6451
365,AGC,CTG,1.3113
365,AGC,GAA,0.8814
365,AGC,AAA,0.7575
365,AGC,GCG,0.7054
365,AGC,CAA,0.6285
366,GAC,CTG,1.365
366,GAC,GAA,1.0234
366,GAC,AGC,0.9041
366,GAC,AAA,0.8993
366,GAC,GCG,0.7618
367,TGT,CTG,2.8409
367,TGT,GAA,2.3516
367,TGT,GAC,2.3373
367,TGT,AAA,2.2566
367,TGT,GCG,2.223
368,GTG,CTG,1.0026
368,GTG,GAA,0.53
368,GTG,AAA,0.4014
368,GTG,GCG,0.317
368,GTG,ATG,0.1137
369,CGA,CTG,3.2341
369,CGA,GTG,3.1072
369,CGA,GAA,2.8596
369,CGA,AAA,2.7439
369,CGA,GCG,2.6332
370,GCT,CTG,1.9122
370,GCT,GAA,1.5942
370,GCT,AAA,1.4599
370,GCT,GCG,1.3761
370,GCT,ATG,1.0512
371,GAA,CTG,0.4252
371,GAA,GAA,0.0
371,GAA,AAA,-0.0746
371,GAA,GCG,-0.1833
371,GAA,ATG,-0.3346
372,CGG,GAA,3.0476
372,CGG,CTG,2.494
372,CGG,AAA,2.0358
372,CGG,GCG,1.9455
372,CGG,ATG,1.7678
373,GCA,CTG,1.499
373,GCA,GAA,1.0433
373,GCA,AAA,0.9167
373,GCA,GCG,0.7318
373,GCA,ATG,0.622
374,ATG,CTG,0.8384
374,ATG,GAA,0.4269
374,ATG,AAA,0.3843
374,ATG,GCA,0.3114
374,ATG,GCG,0.1341
375,CAG,CTG,0.9498
375,CAG,ATG,0.8968
375,CAG,GAA,0.496
375,CAG,AAA,0.441
375,CAG,GCG,0.2905
376,GAA,CTG,0.3484
376,GAA,CAG,0.2856
376,GAA,GAA,0.0
376,GAA,AAA,-0.0641
376,GAA,GCG,-0.1547
377,GAG,GAA,1.9083
377,GAG,CTG,1.3577
377,GAG,AAA,0.8963
377,GAG,GCG,0.802
377,GAG,ATG,0.6323
378,TTC,CTG,1.8567
378,TTC,GAA,1.4148
378,TTC,GAG,1.315
378,TTC,AAA,1.3143
378,TTC,GCG,1.2516
379,TAC,CTG,1.9717
379,TAC,GAA,1.6033
379,TAC,AAA,1.4238
379,TAC,GCG,1.2607
379,TAC,ATG,1.1006
380,CTG,CTG,0.0
380,CTG,GAA,-0.4669
380,CTG,AAA,-0.5525
380,CTG,GCG,-0.6308
380,CTG,ATG,-0.8176
381,GAA,CTG,1.2164
381,GAA,GCG,0.0319
381,GAA,AAA,0.0269
381,GAA,GAA,0.0
381,GAA,ATG,-0.3396
382,CTG,GAA,0.5537
382,CTG,CTG,0.0
382,CTG,AAA,-0.4579
382,CTG,GCG,-0.5484
382,CTG,ATG,-0.7254
383,AAA,CTG,1.2004
383,AAA,AAA,0.0
383,AAA,GCG,-0.0108
383,AAA,GAA,-0.0235
383,AAA,ATG,-0.3522
384,GAA,AAA,0.7985
384,GAA,CTG,0.4117
384,GAA,GAA,0.0
384,GAA,GCG,-0.1014
384,GAA,ATG,-0.3641
385,GGC,GAA,1.3184
385,GGC,CTG,0.7653
385,GGC,AAA,0.3052
385,GGC,GCG,0.2117
385,GGC,ATG,0.0412
386,TTA,GGC,1.9299
386,TTA,CTG,1.9225
386,TTA,GAA,1.6058
386,TTA,AAA,1.5328
386,TTA,GCG,1.3407
387,CTG,CTG,0.0
387,CTG,AAA,-0.4344
387,CTG,GAA,-0.4759
387,CTG,GCG,-0.6816
387,CTG,ATG,-0.8593
388,GAG,CTG,2.1188
388,GAG,AAA,0.9228
388,GAG,GCG,0.922
388,GAG,GAA,0.9014
388,GAG,ATG,0.5673
389,CCG,CTG,1.1883
389,CCG,GAA,0.7463
389,CCG,AAA,0.647
389,CCG,GAG,0.6466
389,CCG,GCG,0.5868
390,CTG,CTG,0.0
390,CTG,CCG,-0.307
390,CTG,GAA,-0.4973
390,CTG,AAA,-0.5129
390,CTG,GCG,-0.5908
391,GCA,CTG,2.2222
391,GCA,GCG,1.0568
391,GCA,AAA,1.0393
391,GCA,GAA,1.0134
391,GCA,ATG,0.6679
392,GTG,CTG,1.0632
392,GTG,GAA,0.6499
392,GTG,AAA,0.6087
392,GTG,GCA,0.535
392,GTG,GCG,0.3571
393,ACG,CTG,1.8544
393,ACG,GTG,1.727
393,ACG,GAA,1.4819
393,ACG,AAA,1.3643
393,ACG,GCG,1.245
394,GAA,CTG,0.4381
394,GAA,GAA,0.0
394,GAA,GCG,-0.1724
394,GAA,AAA,-0.2168
394,GAA,ATG,-0.3337
395,CGG,GAA,3.0491
395,CGG,CTG,2.4921
395,CGG,AAA,2.0411
395,CGG,GCG,1.9506
395,CGG,ATG,1.7663
396,CTG,CTG,0.0
396,CTG,GAA,-0.4579
396,CTG,AAA,-0.5844
396,CTG,GCG,-0.7727
396,CTG,ATG,-0.8782
397,GCC,CTG,1.8282
397,GCC,GCG,0.6722
397,GCC,AAA,0.6502
397,GCC,GAA,0.6276
397,GCC,ATG,0.2776
398,ATT,CTG,1.1399
398,ATT,GCC,0.8699
398,ATT,GAA,0.6786
398,ATT,AAA,0.6562
398,ATT,GCG,0.5854
399,ATC,CTG,1.1655
399,ATC,ATT,1.0002
399,ATC,GAA,0.8539
399,ATC,AAA,0.6135
399,ATC,GCG,0.5457
400,TCG,CTG,2.3715
400,TCG,ATC,2.0903
400,TCG,GAA,1.9789
400,TCG,AAA,1.9567
400,TCG,GCG,1.7471
401,GTG,CTG,0.9577
401,GTG,GAA,0.5633
401,GTG,AAA,0.3912
401,GTG,GCG,0.309
401,GTG,ATG,0.141
402,GTA,CTG,1.9572
402,GTA,GTG,1.8238
402,GTA,GAA,1.5795
402,GTA,AAA,1.4611
402,GTA,GCG,1.3392
403,GGT,CTG,1.0313
403,GGT,GAA,0.5989
403,GGT,AAA,0.484
403,GGT,GCG,0.3475
403,GGT,AAC,0.1228
404,GAT,CTG,1.1378
404,GAT,GGT,0.9884
404,GAT,GAA,0.6558
404,GAT,AAA,0.6373
404,GAT,GCG,0.5193
405,GGT,CTG,1.1523
405,GGT,GAT,0.8714
405,GGT,GAA,0.6382
405,GGT,AAA,0.4989
405,GGT,GCG,0.3338
406,ATG,CTG,0.7256
406,ATG,GGT,0.5749
406,ATG,GAA,0.2414
406,ATG,AAA,0.2235
406,ATG,GCG,0.1068
407,CGC,CTG,1.1364
407,CGC,ATG,1.0819
407,CGC,GAA,0.6858
407,CGC,AAA,0.6305
407,CGC,GCG,0.4856
408,ACC,CTG,1.0512
408,ACC,CGC,0.8514
408,ACC,GAA,0.6369
408,ACC,AAA,0.5464
408,ACC,GCG,0.4581
409,TTG,CTG,1.8305
409,TTG,ACC,1.5684
409,TTG,GAA,1.4249
409,TTG,AAA,1.2888
409,TTG,GCG,1.2099
410,CGT,CTG,1.2518
410,CGT,GAA,0.816
410,CGT,GCG,0.6672
410,CGT,AAA,0.6617
410,CGT,ATG,0.3767
411,GGG,CTG,2.1761
411,GGG,CGT,1.7536
411,GGG,GAA,1.6671
411,GGG,AAA,1.6612
411,GGG,GCG,1.5295
412,ATC,CTG,1.1695
412,ATC,GAA,0.7603
412,ATC,AAA,0.6602
412,ATC,GCG,0.4997
412,ATC,GGC,0.3009
413,TCG,CTG,2.3717
413,TCG,ATC,2.0879
413,TCG,GAA,1.9787
413,TCG,AAA,1.9566
413,TCG,GCG,1.7495
414,GCG,CTG,0.6549
414,GCG,GAA,0.2586
414,GCG,AAA,0.0851
414,GCG,GCG,0.0
414,GCG,ATG,-0.1617
415,AAA,GCG,0.7633
415,AAA,CTG,0.5743
415,AAA,GAA,0.075
415,AAA,AAA,0.0
415,AAA,ATG,-0.3175
416,TTC,AAA,2.2257
416,TTC,CTG,1.8419
416,TTC,GAA,1.4246
416,TTC,GCG,1.3151
416,TTC,ATG,1.0671
417,TTT,CTG,1.2885
417,TTT,GAA,0.9211
417,TTT,AAA,0.7428
417,TTT,GCG,0.581
417,TTT,ATG,0.4163
418,GCC,CTG,1.2925
418,GCC,TTT,0.9606
418,GCC,GAA,0.7834
418,GCC,AAA,0.7383
418,GCC,GCG,0.5583
419,GCA,CTG,1.4531
419,GCA,GCC,1.1642
419,GCA,GAA,0.9751
419,GCA,AAA,0.948
419,GCA,GCG,0.8606
420,CTG,CTG,0.0
420,CTG,GAA,-0.4138
420,CTG,AAA,-0.4563
420,CTG,GCA,-0.5293
420,CTG,GCG,-0.71
421,GCC,CTG,1.8291
421,GCC,GCG,0.6495
421,GCC,AAA,0.64
421,GCC,GAA,0.6134
421,GCC,ATG,0.279
422,CGC,CTG,1.0053
422,CGC,GCC,0.7157
422,CGC,GAA,0.5245
422,CGC,AAA,0.4896
422,CGC,GCG,0.3943
423,GCC,CTG,1.1933
423,GCC,CGC,0.9955
423,GCC,GAA,0.779
423,GCC,AAA,0.6884
423,GCC,GCG,0.6025
424,AAT,CTG,1.5779
424,AAT,GCC,1.2894
424,AAT,GAA,1.0982
424,AAT,AAA,1.0712
424,AAT,GCG,0.9815
425,ATC,CTG,1.1848
425,ATC,GAA,0.8208
425,ATC,AAA,0.6994
425,ATC,AAT,0.6721
425,ATC,GCG,0.6132
426,AAC,CTG,0.9203
426,AAC,ATC,0.6378
426,AAC,GAA,0.5271
426,AAC,AAA,0.5064
426,AAC,GCG,0.2977
427,ATT,CTG,1.117
427,ATT,AAC,0.8413
427,ATT,GAA,0.7085
427,ATT,AAA,0.5212
427,ATT,GCG,0.5175
428,GTC,CTG,1.38
428,GTC,ATT,1.2137
428,GTC,GAA,1.0671
428,GTC,AAA,0.8276
428,GTC,GCG,0.7584
429,GCC,CTG,1.3046
429,GCC,GAA,0.8213
429,GCC,AAA,0.7162
429,GCC,GCG,0.6567
429,GCC,GTC,0.6062
430,ATT,CTG,1.1342
430,ATT,GCC,0.8313
430,ATT,GAA,0.6512
430,ATT,AAA,0.6133
430,ATT,GCG,0.5182
431,GCT,CTG,1.8395
431,GCT,ATT,1.6729
431,GCT,GAA,1.5291
431,GCT,AAA,1.2888
431,GCT,GCG,1.2231
432,CAG,CTG,0.9544
432,CAG,GAA,0.5294
432,CAG,AAA,0.4571
432,CAG,GCG,0.3471
432,CAG,ATG,0.1937
433,GGA,CTG,1.8347
433,GGA,CAG,1.7726
433,GGA,GAA,1.4871
433,GGA,AAA,1.426
433,GGA,GCG,1.3323
434,TCT,CTG,2.486
434,TCT,GAA,2.0756
434,TCT,AAA,1.9987
434,TCT,GCG,1.8198
434,TCT,ATG,1.6736
435,TCT,CTG,1.4398
435,TCT,GAA,1.132
435,TCT,AAA,1.0976
435,TCT,GCG,0.9411
435,TCT,ATG,0.6906
436,GAA,CTG,0.3027
436,GAA,GAA,0.0
436,GAA,AAA,-0.0335
436,GAA,GCG,-0.1831
436,GAA,ATG,-0.4466
437,CGC,GAA,1.4665
437,CGC,CTG,0.9111
437,CGC,AAA,0.4569
437,CGC,GCG,0.3666
437,CGC,ATG,0.1861
438,TCA,CTG,2.5682
438,TCA,CGC,2.3719
438,TCA,GAA,2.1568
438,TCA,AAA,2.0666
438,TCA,GCG,1.9817
439,ATC,CTG,1.2503
439,ATC,GAA,0.8387
439,ATC,AAA,0.7026
439,ATC,GCG,0.6302
439,ATC,ATG,0.4416
440,TCT,CTG,2.356
440,TCT,ATC,2.0744
440,TCT,GAA,1.9702
440,TCT,AAA,1.9488
440,TCT,GCG,1.7474
441,GTC,CTG,1.3806
441,GTC,GAA,1.0843
441,GTC,AAA,1.0514
441,GTC,GCG,0.9091
441,GTC,ATG,0.6319
442,GTG,CTG,1.0511
442,GTG,GAA,0.5688
442,GTG,AAA,0.464
442,GTG,GCG,0.405
442,GTG,GTC,0.3537
443,GTA,CTG,1.9559
443,GTA,GTG,1.8291
443,GTA,GAA,1.5823
443,GTA,AAA,1.4661
443,GTA,GCG,1.3516
444,AAT,CTG,1.4284
444,AAT,GAA,1.0011
444,AAT,AAA,0.8855
444,AAT,GCG,0.7545
444,AAT,AAC,0.5213
445,AAC,CTG,0.9418
445,AAC,GAA,0.5775
445,AAC,AAA,0.456
445,AAC,AAT,0.4282
445,AAC,GCG,0.3699
446,GAT,CTG,1.1453
446,GAT,AAC,0.8704
446,GAT,GAA,0.7359
446,GAT,AAA,0.5526
446,GAT,GCG,0.5448
447,GAT,CTG,0.2804
447,GAT,GAT,0.0
447,GAT,GAA,-0.2322
447,GAT,AAA,-0.3715
447,GAT,GCG,-0.5349
448,GCG,CTG,0.8096
448,GCG,GAT,0.5276
448,GCG,GAA,0.2988
448,GCG,AAA,0.1614
448,GCG,GCG,0.0
449,ACC,GCG,1.2605
449,ACC,CTG,1.0537
449,ACC,GAA,0.5592
449,ACC,AAA,0.4898
449,ACC,ATG,0.1623
450,ACT,CTG,2.323
450,ACT,ACC,2.0625
450,ACT,GAA,1.9192
450,ACT,AAA,1.7827
450,ACT,GCG,1.704
451,GGC,CTG,0.9251
451,GGC,GAA,0.5212
451,GGC,AAA,0.452
451,GGC,GCG,0.2855
451,GGC,CAG,0.0287
452,GTG,GGC,0.9794
452,GTG,CTG,0.9672
452,GTG,GAA,0.6533
452,GTG,AAA,0.5828
452,GTG,GCG,0.3918
453,CGC,CTG,0.95
453,CGC,GTG,0.8186
453,CGC,GAA,0.5746
453,CGC,AAA,0.4575
453,CGC,GCG,0.3392
454,GTT,CTG,1.545
454,GTT,CGC,1.3437
454,GTT,GAA,1.1303
454,GTT,AAA,1.0365
454,GTT,GCG,0.9447
455,ACT,CTG,2.4085
455,ACT,AAA,1.9208
455,ACT,GAA,1.9181
455,ACT,GCG,1.7761
455,ACT,GTT,1.6655
456,CAT,CTG,1.9787
456,CAT,GAA,1.5728
456,CAT,AAA,1.5018
456,CAT,GCG,1.332
456,CAT,ATG,1.0812
457,CAG,CTG,1.0085
457,CAG,GAA,0.5144
457,CAG,AAA,0.4351
457,CAG,GCG,0.2843
457,CAG,ATG,0.0854
458,ATG,CTG,0.7895
458,ATG,CAG,0.7285
458,ATG,GAA,0.4441
458,ATG,AAA,0.3784
458,ATG,GCG,0.2857
459,CTG,CTG,0.0
459,CTG,ATG,-0.0527
459,CTG,GAA,-0.4481
459,CTG,AAA,-0.5018
459,CTG,GCG,-0.6493
460,TTC,CTG,2.5838
460,TTC,AAA,1.3978
460,TTC,GCG,1.3978
460,TTC,GAA,1.3712
460,TTC,ATG,1.0324
461,AAT,CTG,1.4619
461,AAT,GAA,1.0913
461,AAT,AAA,0.9109
461,AAT,GCG,0.7446
461,AAT,ATG,0.5884
462,ACC,CTG,1.0016
462,ACC,GAA,0.6395
462,ACC,AAA,0.5166
462,ACC,AAT,0.4896
462,ACC,GCG,0.4315
463,GAT,CTG,1.1346
463,GAT,ACC,0.8708
463,GAT,GAA,0.727
463,GAT,AAA,0.589
463,GAT,GCG,0.5043
464,CAG,CTG,1.027
464,CAG,GAT,0.7479
464,CAG,GAA,0.5148
464,CAG,AAA,0.3754
464,CAG,GCG,0.2089
465,GTT,CTG,1.503
465,GTT,CAG,1.4409
465,GTT,GAA,1.1539
465,GTT,AAA,1.0939
465,GTT,GCG,1.005
466,ATC,CTG,1.1718
466,ATC,AAA,0.6935
466,ATC,GAA,0.6883
466,ATC,GCG,0.5525
466,ATC,GTT,0.4292
467,GAA,CTG,0.3978
467,GAA,ATC,0.1146
467,GAA,GAA,0.0
467,GAA,AAA,-0.0261
467,GAA,GCG,-0.2425
468,GTG,GAA,1.4819
468,GTG,CTG,0.931
468,GTG,AAA,0.4706
468,GTG,GCG,0.3738
468,GTG,ATG,0.2054
469,TTT,CTG,1.2589
469,TTT,GTG,1.1205
469,TTT,GAA,0.8787
469,TTT,AAA,0.7598
469,TTT,GCG,0.6346
470,GTG,CTG,1.1286
470,GTG,TTT,0.7948
470,GTG,GAA,0.6189
470,GTG,AAA,0.57
470,GTG,GCG,0.3854
471,ATT,CTG,1.186
471,ATT,GTG,1.0547
471,ATT,GAA,0.8115
471,ATT,AAA,0.6922
471,ATT,GCG,0.5748
472,GGC,CTG,0.8923
472,GGC,ATT,0.7261
472,GGC,GAA,0.5786
472,GGC,AAA,0.3376
472,GGC,GCG,0.2665
473,GTC,GGC,1.3703
473,GTC,CTG,1.3635
473,GTC,GAA,1.0439
473,GTC,AAA,0.9714
473,GTC,GCG,0.7773
474,GGT,CTG,1.1332
474,GGT,GAA,0.6458
474,GGT,AAA,0.5385
474,GGT,GCG,0.4743
474,GGT,GTC,0.4316
475,GGC,CTG,0.8891
475,GGC,GGT,0.7406
475,GGC,GAA,0.4037
475,GGC,AAA,0.3837
475,GGC,GCG,0.2618
476,GTT,GGC,1.5275
476,GTT,CTG,1.5217
476,GTT,GAA,1.2018
476,GTT,AAA,1.1302
476,GTT,GCG,0.9355
477,GGC,CTG,0.9699
477,GGC,AAA,0.4769
477,GGC,GAA,0.4769
477,GGC,GCG,0.3272
477,GGC,GTT,0.2264
478,GGT,GGC,0.9693
478,GGT,CTG,0.9636
478,GGT,GAA,0.6448
478,GGT,AAA,0.5718
478,GGT,GCG,0.3765
479,GCG,CTG,0.6238
479,GCG,GGT,0.4748
479,GCG,GAA,0.1398
479,GCG,AAA,0.1219
479,GCG,GCG,0.0
480,CTG,GCG,0.2294
480,CTG,CTG,0.0
480,CTG,GAA,-0.4827
480,CTG,AAA,-0.5527
480,CTG,ATG,-0.8872
481,CTG,CTG,0.0
481,CTG,GCG,-1.1878
481,CTG,AAA,-1.1882
481,CTG,GAA,-1.2174
481,CTG,ATG,-1.5505
482,GAG,CTG,2.1144
482,GAG,AAA,0.925
482,GAG,GCG,0.9239
482,GAG,GAA,0.8987
482,GAG,ATG,0.5638
483,CAA,CTG,1.4701
483,CAA,GAA,1.0276
483,CAA,GAG,0.9286
483,CAA,AAA,0.9286
483,CAA,GCG,0.8653
484,CTG,CTG,0.0
484,CTG,GAA,-0.4312
484,CTG,AAA,-0.5572
484,CTG,GCG,-0.6126
484,CTG,CAA,-0.6884
485,AAG,CTG,3.1068
485,AAG,GCG,1.9416
485,AAG,AAA,1.9294
485,AAG,GAA,1.9009
485,AAG,ATG,1.5567
486,CGT,CTG,1.2455
486,CGT,AAA,0.73
486,CGT,GAA,0.7255
486,CGT,GCG,0.6189
486,CGT,ATG,0.4855
487,CAG,CTG,0.9349
487,CAG,CGT,0.5119
487,CAG,GAA,0.4268
487,CAG,AAA,0.425
487,CAG,GCG,0.2966
488,CAA,CTG,1.4319
488,CAA,CAG,1.3748
488,CAA,GAA,1.0902
488,CAA,AAA,1.0298
488,CAA,GCG,0.9436
489,AGC,CTG,1.3143
489,AGC,GAA,0.8847
489,AGC,AAA,0.7591
489,AGC,GCG,0.7059
489,AGC,CAA,0.6277
490,TGG,CTG,1.6302
490,TGG,GAA,1.2907
490,TGG,AGC,1.173
490,TGG,AAA,1.1703
490,TGG,GCG,1.037
491,CTG,CTG,0.0
491,CTG,GAA,-0.4667
491,CTG,AAA,-0.6079
491,CTG,GCG,-0.7469
491,CTG,TGG,-0.8164
492,AAG,CTG,3.1062
492,AAG,GCG,1.9177
492,AAG,AAA,1.9145
492,AAG,GAA,1.8884
492,AAG,ATG,1.5535
493,AAT,CTG,1.3723
493,AAT,AAA,0.8645
493,AAT,GAA,0.8568
493,AAT,GCG,0.76
493,AAT,ATG,0.6114
494,AAA,CTG,0.4739
494,AAA,GAA,0.1178
494,AAA,AAA,0.0
494,AAA,AAT,-0.0317
494,AAA,GCG,-0.0792
495,CAT,AAA,2.3737
495,CAT,CTG,2.005
495,CAT,GAA,1.5779
495,CAT,GCG,1.4613
495,CAT,ATG,1.2267
496,ATC,CTG,1.2111
496,ATC,GAA,0.7227
496,ATC,AAA,0.6478
496,ATC,GCG,0.5042
496,ATC,ATG,0.2882
497,GAC,CTG,1.2359
497,GAC,ATC,0.9559
497,GAC,GAA,0.8503
497,GAC,AAA,0.8325
497,GAC,GCG,0.6329
498,TTA,CTG,2.007
498,TTA,GAA,1.5225
498,TTA,GAC,1.4984
498,TTA,AAA,1.4301
498,TTA,GCG,1.4018
499,CGT,CTG,1.2435
499,CGT,AAA,0.8168
499,CGT,GAA,0.7713
499,CGT,GCG,0.571
499,CGT,ATG,0.3856
500,GTC,CTG,1.4857
500,GTC,CGT,1.0651
500,GTC,AAA,0.9847
500,GTC,GAA,0.9828
500,GTC,GCG,0.8639
501,TGC,CTG,2.4345
501,TGC,GAA,1.9523
501,TGC,AAA,1.8502
501,TGC,GCG,1.7924
501,TGC,GTC,1.7384
502,GGT,CTG,1.0432
502,GGT,GAA,0.7383
502,GGT,AAA,0.4842
502,GGT,GCG,0.4467
502,GGT,ATG,0.3114
503,GTT,CTG,1.4501
503,GTT,GGT,1.3022
503,GTT,GAA,0.9712
503,GTT,AAA,0.9553
503,GTT,GCG,0.8398
504,GCC,CTG,1.2118
504,GCC,AAA,0.7311
504,GCC,GAA,0.7245
504,GCC,GCG,0.5921
504,GCC,GTT,0.4655
505,AAC,CTG,1.0157
505,AAC,GCC,0.7357
505,AAC,GAA,0.5434
505,AAC,AAA,0.5143
505,AAC,GCG,0.4352
506,TCG,CTG,2.4949
506,TCG,AAC,2.2193
506,TCG,GAA,2.0901
506,TCG,AAA,1.9086
506,TCG,GCG,1.9066
507,AAG,CTG,2.235
507,AAG,GAA,1.8458
507,AAG,AAA,1.6762
507,AAG,GCG,1.5983
507,AAG,ATG,1.4195
508,GCT,CTG,1.8526
508,GCT,AAA,1.3405
508,GCT,GAA,1.3349
508,GCT,GCG,1.2316
508,GCT,ATG,1.092
509,CTG,CTG,0.0
509,CTG,GAA,-0.4224
509,CTG,AAA,-0.4937
509,CTG,GCG,-0.6017
509,CTG,ATG,-0.7581
510,CTC,CTG,2.7221
510,CTC,GCG,1.536
510,CTC,AAA,1.53
510,CTC,GAA,1.5016
510,CTC,ATG,1.1676
511,ACC,CTG,1.0863
511,ACC,GAA,0.5206
511,ACC,AAA,0.4414
511,ACC,GCG,0.3367
511,ACC,ATG,0.1924
512,AAT,CTG,1.4042
512,AAT,ACC,1.1417
512,AAT,GAA,0.9983
512,AAT,AAA,0.8613
512,AAT,GCG,0.7799
513,GTA,CTG,1.9059
513,GTA,GAA,1.541
513,GTA,AAA,1.4183
513,GTA,AAT,1.3924
513,GTA,GCG,1.3289
514,CAT,CTG,1.9846
514,CAT,GAA,1.5585
514,CAT,AAA,1.4456
514,CAT,GCG,1.3157
514,CAT,AAC,1.0766
515,GGC,CTG,1.0228
515,GGC,GAA,0.534
515,GGC,AAA,0.4598
515,GGC,GCG,0.3166
515,GGC,ATG,0.1002
516,CTT,GGC,2.0148
516,CTT,CTG,2.0015
516,CTT,GAA,1.6869
516,CTT,AAA,1.6172
516,CTT,GCG,1.4266
517,AAT,CTG,1.4561
517,AAT,GAA,0.9489
517,AAT,AAA,0.797
517,AAT,GCG,0.7589
517,AAT,ATG,0.5638
518,CTG,CTG,0.0
518,CTG,GAA,-0.3638
518,CTG,AAA,-0.4838
518,CTG,AAT,-0.5125
518,CTG,GCG,-0.574
519,GAA,CTG,1.2035
519,GAA,GCG,0.0484
519,GAA,AAA,0.0312
519,GAA,GAA,0.0
519,GAA,ATG,-0.3446
520,AAC,GAA,1.4562
520,AAC,CTG,0.8994
520,AAC,AAA,0.4479
520,AAC,GCG,0.3585
520,AAC,ATG,0.1742
521,TGG,CTG,1.635
521,TGG,AAC,1.3593
521,TGG,GAA,1.2276
521,TGG,AAA,1.0432
521,TGG,GCG,1.036
522,CAG,CTG,0.9435
522,CAG,GAA,0.4753
522,CAG,AAA,0.3325
522,CAG,GCG,0.1927
522,CAG,TGG,0.125
523,GAA,CTG,0.3427
523,GAA,CAG,0.285
523,GAA,GAA,0.0
523,GAA,AAA,-0.0594
523,GAA,GCG,-0.1476
524,GAA,GAA,0.0
524,GAA,CTG,-0.5557
524,GAA,AAA,-1.0099
524,GAA,GCG,-1.0984
524,GAA,ATG,-1.2809
525,CTG,GAA,0.5578
525,CTG,CTG,0.0
525,CTG,AAA,-0.45
525,CTG,GCG,-0.5386
525,CTG,ATG,-0.725
526,GCG,CTG,1.1868
526,GCG,GCG,0.0
526,GCG,AAA,-0.0021
526,GCG,GAA,-0.0275
526,GCG,ATG,-0.3617
527,CAA,GCG,1.7124
527,CAA,CTG,1.4672
527,CAA,GAA,0.9913
527,CAA,AAA,0.9232
527,CAA,ATG,0.5796
528,GCC,CTG,1.2919
528,GCC,GAA,0.8661
528,GCC,AAA,0.7428
528,GCC,GCG,0.691
528,GCC,CAA,0.6111
529,AAA,CTG,0.4994
529,AAA,GCC,0.2181
529,AAA,GAA,0.0276
529,AAA,AAA,0.0
529,AAA,GCG,-0.081
530,GAG,AAA,1.766
530,GAG,CTG,1.3816
530,GAG,GAA,0.965
530,GAG,GCG,0.8579
530,GAG,ATG,0.6091
531,CCG,CTG,1.1836
531,CCG,GAA,0.7461
531,CCG,AAA,0.6491
531,CCG,GAG,0.6461
531,CCG,GCG,0.5914
532,TTT,CTG,1.2826
532,TTT,CCG,0.9794
532,TTT,GAA,0.7914
532,TTT,AAA,0.7782
532,TTT,GCG,0.7016
533,AAT,CTG,1.4729
533,AAT,TTT,1.1439
533,AAT,GAA,0.9685
533,AAT,AAA,0.9252
533,AAT,GCG,0.7492
534,CTC,CTG,2.1368
534,CTC,GAA,1.7792
534,CTC,AAA,1.6614
534,CTC,AAT,1.6281
534,CTC,GCG,1.5805
535,GGG,CTG,2.166
535,GGG,GAA,1.598
535,GGG,AAA,1.5234
535,GGG,GCG,1.4155
535,GGG,ATG,1.2728
536,CGC,CTG,0.9044
536,CGC,GAA,0.5007
536,CGC,AAA,0.4018
536,CGC,GCG,0.2472
536,CGC,GGC,0.0425
537,TTA,CTG,1.9357
537,TTA,CGC,1.7419
537,TTA,GAA,1.5277
537,TTA,AAA,1.4389
537,TTA,GCG,1.3563
538,ATT,CTG,1.1578
538,ATT,AAA,0.7261
538,ATT,GAA,0.6817
538,ATT,GCG,0.4765
538,ATT,ATG,0.2987
539,CGC,CTG,0.978
539,CGC,ATT,0.812
539,CGC,GAA,0.6669
539,CGC,AAA,0.428
539,CGC,GCG,0.3606
540,CTC,CTG,2.126
540,CTC,CGC,1.9261
540,CTC,GAA,1.7126
540,CTC,AAA,1.6215
540,CTC,GCG,1.5324
541,GTG,CTG,1.1139
541,GTG,GAA,0.542
541,GTG,AAA,0.4635
541,GTG,GCG,0.3525
541,GTG,ATG,0.2201
542,AAA,CTG,0.4869
542,AAA,GTG,0.3617
542,AAA,GAA,0.1158
542,AAA,AAA,0.0
542,AAA,GCG,-0.1146
543,GAA,AAA,0.7953
543,GAA,CTG,0.4034
543,GAA,GAA,0.0
543,GAA,GCG,-0.0954
543,GAA,ATG,-0.3672
544,TAT,GAA,2.3306
544,TAT,CTG,1.7779
544,TAT,AAA,1.3184
544,TAT,GCG,1.2229
544,TAT,ATG,1.0526
545,CAT,CTG,2.1009
545,CAT,AAA,1.5455
545,CAT,GAA,1.518
545,CAT,GCG,1.4399
545,CAT,TAT,1.1548
546,CTG,CTG,0.0
546,CTG,GAA,-0.4881
546,CTG,AAA,-0.5632
546,CTG,GCG,-0.7071
546,CTG,ATG,-0.9224
547,CTG,CTG,0.0
547,CTG,AAA,-1.1883
547,CTG,GCG,-1.1894
547,CTG,GAA,-1.218
547,CTG,ATG,-1.5548
548,AAC,CTG,1.7219
548,AAC,GCG,0.5655
548,AAC,AAA,0.5472
548,AAC,GAA,0.519
548,AAC,ATG,0.1737
549,CCG,CTG,1.2404
549,CCG,AAC,0.965
549,CCG,GAA,0.835
549,CCG,AAA,0.6528
549,CCG,GCG,0.6491
550,GTC,CTG,1.3669
550,GTC,CCG,1.0684
550,GTC,GAA,0.8779
550,GTC,AAA,0.8674
550,GTC,GCG,0.7966
551,ATT,CTG,1.1812
551,ATT,GAA,0.7027
551,ATT,AAA,0.5999
551,ATT,GCG,0.5419
551,ATT,GTC,0.4867
552,GTT,CTG,1.4514
552,GTT,ATT,1.2851
552,GTT,GAA,1.1438
552,GTT,AAA,0.906
552,GTT,GCG,0.8401
553,GAC,CTG,1.3154
553,GAC,AAA,0.8381
553,GAC,GAA,0.8317
553,GAC,GCG,0.6969
553,GAC,GTT,0.5714
554,TGC,CTG,2.3328
554,TGC,GAA,1.8456
554,TGC,GAC,1.8227
554,TGC,AAA,1.7523
554,TGC,GCG,1.7183
555,ACT,CTG,2.3362
555,ACT,GAA,2.0311
555,ACT,AAA,1.7781
555,ACT,GCG,1.741
555,ACT,ATG,1.6038
556,TCC,CTG,2.2587
556,TCC,GAA,1.8583
556,TCC,AAA,1.7935
556,TCC,GCG,1.6305
556,TCC,CAG,1.3679
557,AGC,CTG,1.1929
557,AGC,GAA,0.842
557,AGC,AAA,0.6166
557,AGC,GCG,0.5769
557,AGC,CAG,0.3306
558,CAG,CTG,0.9046
558,CAG,GAA,0.5656
558,CAG,AGC,0.4467
558,CAG,AAA,0.4453
558,CAG,GCG,0.3111
559,GCA,CTG,1.3312
559,GCA,CAG,1.2741
559,GCA,GAA,0.9923
559,GCA,AAA,0.9317
559,GCA,GCG,0.8477
560,GTG,CTG,1.0595
560,GTG,GAA,0.6509
560,GTG,AAA,0.6101
560,GTG,GCA,0.535
560,GTG,GCG,0.3587
561,GCG,CTG,0.6208
561,GCG,GTG,0.4873
561,GCG,GAA,0.244
561,GCG,AAA,0.124
561,GCG,GCG,0.0
562,GAT,GCG,1.5013
562,GAT,CTG,1.2775
562,GAT,GAA,0.7922
562,GAT,AAA,0.7255
562,GAT,ATG,0.3881
563,CAA,CTG,1.6024
563,CAA,GAT,1.321
563,CAA,GAA,1.0918
563,CAA,AAA,0.9548
563,CAA,GCG,0.7892
564,TAT,CTG,1.8311
564,TAT,GAA,1.4032
564,TAT,AAA,1.2773
564,TAT,GCG,1.2228
564,TAT,CAA,1.1468
565,GCC,CTG,1.3914
565,GCC,AAA,0.8358
565,GCC,GAA,0.8076
565,GCC,GCG,0.7283
565,GCC,TAT,0.4462
566,GAC,CTG,1.4069
566,GAC,GCC,1.117
566,GAC,GAA,0.9274
566,GAC,AAA,0.9002
566,GAC,GCG,0.805
567,TTC,CTG,1.918
567,TTC,GAA,1.4314
567,TTC,GAC,1.4086
567,TTC,AAA,1.3393
567,TTC,GCG,1.3079
568,CTG,CTG,0.0
568,CTG,GAA,-0.3601
568,CTG,AAA,-0.534
568,CTG,GCG,-0.6897
568,CTG,ATG,-0.8703
569,CGC,CTG,1.7012
569,CGC,GCG,0.5156
569,CGC,AAA,0.5091
569,CGC,GAA,0.4836
569,CGC,ATG,0.1522
570,GAA,CTG,0.4105
570,GAA,CGC,0.216
570,GAA,GAA,0.0
570,GAA,AAA,-0.0884
570,GAA,GCG,-0.1737
571,GGT,GAA,1.5593
571,GGT,CTG,1.0024
571,GGT,AAA,0.5506
571,GGT,GCG,0.4597
571,GGT,ATG,0.2783
572,TTC,CTG,1.9443
572,TTC,GGT,1.7954
572,TTC,GAA,1.4678
572,TTC,AAA,1.4506
572,TTC,GCG,1.336
573,CAC,CTG,2.0578
573,CAC,GAA,1.6955
573,CAC,AAA,1.5184
573,CAC,GCG,1.3593
573,CAC,ATG,1.1871
574,GTT,CTG,1.534
574,GTT,GAA,1.1101
574,GTT,GCG,0.9893
574,GTT,AAA,0.9631
574,GTT,ATG,0.7652
575,GTC,CTG,1.4608
575,GTC,AAA,0.987
575,GTC,GAA,0.9788
575,GTC,GCG,0.8486
575,GTC,GTT,0.7149
576,ACG,CTG,1.8719
576,ACG,GAA,1.3896
576,ACG,AAA,1.2864
576,ACG,GCG,1.2261
576,ACG,GTC,1.174
577,CCG,CTG,1.2781
577,CCG,GAA,0.8459
577,CCG,GCG,0.6795
577,CCG,AAA,0.6316
577,CCG,ATG,0.5081
578,AAC,CTG,1.0209
578,AAC,CCG,0.7217
578,AAC,GAA,0.529
578,AAC,AAA,0.5162
578,AAC,GCG,0.4418
579,AAA,CTG,0.5872
579,AAA,AAC,0.3109
579,AAA,GAA,0.1816
579,AAA,AAA,0.0
579,AAA,GCG,-0.0028
580,AAG,AAA,2.7698
580,AAG,CTG,2.3606
580,AAG,GAA,1.9625
580,AAG,GCG,1.8886
580,AAG,GGC,1.5985
581,GCC,CTG,1.2119
581,GCC,AAA,0.7023
581,GCC,GAA,0.6964
581,GCC,GCG,0.592
581,GCC,ATG,0.4522
582,AAC,CTG,1.0182
582,AAC,GCC,0.7411
582,AAC,GAA,0.5479
582,AAC,AAA,0.5248
582,AAC,GCG,0.4498
583,ACC,CTG,1.0872
583,ACC,AAC,0.8108
583,ACC,GAA,0.6794
583,ACC,AAA,0.4946
583,ACC,GCG,0.4869
584,TCG,CTG,2.3354
584,TCG,ACC,2.0771
584,TCG,GAA,1.9318
584,TCG,AAA,1.7964
584,TCG,GCG,1.7178
585,TCG,CTG,1.511
585,TCG,GAA,1.1194
585,TCG,AAA,0.9475
585,TCG,GCG,0.8649
585,TCG,ATG,0.6964
586,ATG,CTG,0.8147
586,ATG,GAA,0.4243
586,ATG,AAA,0.2535
586,ATG,GCG,0.1716
586,ATG,ATG,0.0
587,GAT,CTG,1.2411
587,GAT,ATG,1.1898
587,GAT,GAA,0.7973
587,GAT,AAA,0.7444
587,GAT,GCG,0.5974
588,TAC,CTG,2.1832
588,TAC,GAT,1.9003
588,TAC,GAA,1.6713
588,TAC,AAA,1.5337
588,TAC,GCG,1.3694
589,TAC,CTG,1.1175
589,TAC,GAA,0.6542
589,TAC,AAA,0.5699
589,TAC,GCG,0.4915
589,TAC,ATG,0.3
590,CAT,CTG,1.969
590,CAT,GAA,1.5055
590,CAT,AAA,1.4196
590,CAT,GCG,1.3414
590,CAT,ATG,1.1518
591,CAG,CTG,1.0064
591,CAG,GAA,0.5165
591,CAG,AAA,0.4388
591,CAG,GCG,0.2909
591,CAG,ATG,0.0837
592,TTG,CTG,1.8011
592,TTG,CAG,1.7399
592,TTG,GAA,1.4559
592,TTG,AAA,1.3941
592,TTG,GCG,1.3024
593,CGT,CTG,1.2536
593,CGT,GAA,0.8205
593,CGT,GCG,0.6719
593,CGT,AAA,0.6652
593,CGT,ATG,0.3785
594,TAT,CTG,1.8378
594,TAT,CGT,1.4135
594,TAT,AAA,1.3308
594,TAT,GAA,1.3303
594,TAT,GCG,1.2004
595,GCG,CTG,0.676
595,GCG,AAA,0.114
595,GCG,GAA,0.0887
595,GCG,GCG,0.0
595,GCG,TAT,-0.2697
596,GCG,GCG,0.0
596,GCG,CTG,-0.2204
596,GCG,GAA,-0.7046
596,GCG,AAA,-0.7735
596,GCG,ATG,-1.1078
597,GAA,GCG,0.7043
597,GAA,CTG,0.4872
597,GAA,GAA,0.0
597,GAA,AAA,-0.0692
597,GAA,ATG,-0.4015
598,AAA,GAA,1.0109
598,AAA,CTG,0.4536
598,AAA,AAA,0.0
598,AAA,GCG,-0.0938
598,AAA,ATG,-0.2709
599,TCG,AAA,2.7486
599,TCG,CTG,2.3661
599,TCG,GAA,1.9495
599,TCG,GCG,1.8388
599,TCG,ATG,1.5919
600,CGG,CTG,2.4974
600,CGG,GAA,2.1075
600,CGG,AAA,1.9366
600,CGG,GCG,1.8556
600,CGG,ATG,1.6829
601,CGT,CTG,1.2513
601,CGT,GAA,0.7947
601,CGT,AAA,0.6685
601,CGT,GCG,0.478
601,CGT,ATG,0.3733
602,AAA,CTG,0.5093
602,AAA,CGT,0.0862
602,AAA,GAA,0.0013
602,AAA,AAA,0.0
602,AAA,GCG,-0.1305
603,TTC,AAA,2.2212
603,TTC,CTG,1.8418
603,TTC,GAA,1.4218
603,TTC,GCG,1.308
603,TTC,ATG,1.066
604,CTC,CTG,2.0897
604,CTC,GAA,1.7265
604,CTC,AAA,1.5512
604,CTC,GCG,1.3911
604,CTC,ATG,1.2181
605,TAT,CTG,1.9327
605,TAT,GAA,1.3645
605,TAT,AAA,1.2873
605,TAT,GCG,1.1817
605,TAT,ATG,1.038
606,GAC,CTG,1.4567
606,GAC,AAA,0.8959
606,GAC,GAA,0.8704
606,GAC,GCG,0.7852
606,GAC,TAT,0.5107
607,ACC,CTG,1.0449
607,ACC,GAA,0.5545
607,ACC,GAC,0.5373
607,ACC,AAA,0.4609
607,ACC,GCG,0.4228
608,AAC,CTG,1.0312
608,AAC,ACC,0.7718
608,AAC,GAA,0.6282
608,AAC,AAA,0.4914
608,AAC,GCG,0.4121
609,GTT,CTG,1.517
609,GTT,AAC,1.2386
609,GTT,GAA,1.109
609,GTT,AAA,0.9273
609,GTT,GCG,0.9234
610,GGG,CTG,2.1521
610,GGG,AAA,1.6735
610,GGG,GAA,1.6688
610,GGG,GCG,1.5321
610,GGG,GTT,1.4078
611,GCT,CTG,1.8444
611,GCT,GAA,1.4401
611,GCT,AAA,1.3414
611,GCT,GCG,1.1845
611,GCT,GGC,0.9813
612,GGA,CTG,1.9352
612,GGA,GAA,1.5126
612,GGA,AAA,1.44
612,GGA,GCG,1.3294
612,GGA,ATG,1.1762
613,TTA,CTG,1.9298
613,TTA,GAA,1.5156
613,TTA,AAA,1.4367
613,TTA,GCG,1.2529
613,TTA,ATG,1.1175
614,CCG,CTG,1.1901
614,CCG,AAA,0.7585
614,CCG,GAA,0.7157
614,CCG,GCG,0.5085
614,CCG,ATG,0.3321
615,GTT,CTG,1.5793
615,GTT,CCG,1.2769
615,GTT,GAA,1.0861
615,GTT,AAA,1.0713
615,GTT,GCG,0.9964
616,ATT,CTG,1.1466
616,ATT,AAA,0.6642
616,ATT,GAA,0.6605
616,ATT,GCG,0.5164
616,ATT,GTT,0.4038
617,GAG,CTG,1.3495
617,GAG,ATT,1.1844
617,GAG,GAA,1.0377
617,GAG,AAA,0.797
617,GAG,GCG,0.7242
618,AAC,CTG,0.899
618,AAC,GAA,0.4572
618,AAC,AAA,0.3576
618,AAC,GAG,0.357
618,AAC,GCG,0.2948
619,CTG,CTG,0.0
619,CTG,AAC,-0.2757
619,CTG,GAA,-0.4079
619,CTG,AAA,-0.5942
619,CTG,GCG,-0.6034
620,CAA,CTG,2.1467
620,CAA,GCG,0.9622
620,CAA,AAA,0.9566
620,CAA,GAA,0.9307
620,CAA,ATG,0.5951
621,AAT,CTG,1.4451
621,AAT,GAA,1.0154
621,AAT,AAA,0.8874
621,AAT,GCG,0.8312
621,AAT,CAA,0.7592
622,CTG,CTG,0.0
622,CTG,GAA,-0.3591
622,CTG,AAA,-0.4813
622,CTG,AAT,-0.5107
622,CTG,GCG,-0.5652
623,CTC,CTG,2.7217
623,CTC,GCG,1.5315
623,CTC,AAA,1.5294
623,CTC,GAA,1.5064
623,CTC,ATG,1.1697
624,AAT,CTG,1.5457
624,AAT,GAA,0.9767
624,AAT,AAA,0.8987
624,AAT,GCG,0.7912
624,AAT,ATG,0.6511
625,GCA,CTG,1.4873
625,GCA,GAA,1.1314
625,GCA,AAA,1.0122
625,GCA,AAT,0.9803
625,GCA,GCG,0.9324
626,GGT,CTG,0.9738
626,GGT,GAA,0.5644
626,GGT,AAA,0.5244
626,GGT,GCA,0.4497
626,GGT,GCG,0.2697
627,GAT,CTG,1.1371
627,GAT,GGT,0.9876
627,GAT,GAA,0.6588
627,GAT,AAA,0.6425
627,GAT,GCG,0.5257
628,GAA,CTG,0.5067
628,GAA,GAT,0.2268
628,GAA,GAA,0.0
628,GAA,AAA,-0.1372
628,GAA,GCG,-0.298
629,TTG,GAA,2.3679
629,TTG,CTG,1.8111
629,TTG,AAA,1.3579
629,TTG,GCG,1.2669
629,TTG,ATG,1.0862
630,ATG,CTG,0.8751
630,ATG,GAA,0.444
630,ATG,GCG,0.2948
630,ATG,AAA,0.2893
630,ATG,ATG,0.0
631,AAG,CTG,2.3368
631,AAG,ATG,2.2842
631,AAG,GAA,1.8946
631,AAG,AAA,1.8431
631,AAG,GCG,1.697
632,TTC,CTG,1.8395
632,TTC,AAA,1.3295
632,TTC,GAA,1.3237
632,TTC,GCG,1.2184
632,TTC,ATG,1.0777
633,TCC,CTG,2.2381
633,TCC,GAA,1.8745
633,TCC,AAA,1.7
633,TCC,GCG,1.5408
633,TCC,ATG,1.3655
634,GGC,CTG,0.9411
634,GGC,GAA,0.5876
634,GGC,AAA,0.3615
634,GGC,GCG,0.3178
634,GGC,CAG,0.0764
635,ATT,GGC,1.1489
635,ATT,CTG,1.1303
635,ATT,GAA,0.822
635,ATT,AAA,0.7544
635,ATT,GCG,0.5692
636,CTT,CTG,1.9741
636,CTT,ATT,1.8075
636,CTT,GAA,1.6667
636,CTT,AAA,1.4281
636,CTT,GCG,1.3599
637,TCT,CTG,2.5736
637,TCT,GAA,2.0675
637,TCT,AAA,1.9164
637,TCT,GCG,1.8784
637,TCT,ATG,1.6813
638,GGT,CTG,0.947
638,GGT,GAA,0.6428
638,GGT,AAA,0.6065
638,GGT,GCG,0.4523
638,GGT,ATG,0.1972
639,TCG,CTG,2.4718
639,TCG,GGT,2.3219
639,TCG,GAA,1.9902
639,TCG,AAA,1.9731
639,TCG,GCG,1.8557
640,CTT,CTG,1.8805
640,CTT,GAA,1.488
640,CTT,AAA,1.3145
640,CTT,GCG,1.2301
640,CTT,ATG,1.0656
641,TCT,CTG,2.5819
641,TCT,GAA,2.0716
641,TCT,AAA,1.9179
641,TCT,GCG,1.8732
641,TCT,ATG,1.6892
642,TAT,CTG,1.7193
642,TAT,GAA,1.4127
642,TAT,AAA,1.3768
642,TAT,GCG,1.219
642,TAT,ATG,0.9677
643,ATC,CTG,1.2977
643,ATC,AAA,0.7371
643,ATC,GAA,0.7121
643,ATC,GCG,0.6249
643,ATC,TAT,0.352
644,TTC,CTG,1.8506
644,TTC,ATC,1.5673
644,TTC,GAA,1.4567
644,TTC,AAA,1.4351
644,TTC,GCG,1.2219
645,GGC,CTG,0.9373
645,GGC,GAA,0.5711
645,GGC,AAA,0.3911
645,GGC,GCG,0.2248
645,GGC,ATG,0.0658
646,AAG,GGC,2.3006
646,AAG,CTG,2.2864
646,AAG,GAA,1.9727
646,AAG,AAA,1.9062
646,AAG,GCG,1.7162
647,TTA,CTG,1.8503
647,TTA,AAA,1.3332
647,TTA,GAA,1.3307
647,TTA,GCG,1.216
647,TTA,ATG,1.0886
648,GAC,CTG,1.3522
648,GAC,AAA,0.9125
648,GAC,GAA,0.8725
648,GAC,GCG,0.6558
648,GAC,ATG,0.4925
649,GAA,CTG,0.4932
649,GAA,GAA,0.0
649,GAA,GAC,-0.0106
649,GAA,AAA,-0.0974
649,GAA,GCG,-0.1419
650,GGC,GAA,1.3197
650,GGC,CTG,0.7713
650,GGC,AAA,0.3057
650,GGC,GCG,0.2064
650,GGC,ATG,0.0453
651,ATG,GGC,0.7784
651,ATG,CTG,0.7689
651,ATG,GAA,0.4543
651,ATG,AAA,0.3828
651,ATG,GCG,0.1905
652,AGT,CTG,2.3185
652,AGT,ATG,2.2671
652,AGT,GAA,1.8698
652,AGT,AAA,1.8178
652,AGT,GCG,1.6659
653,TTC,CTG,2.0006
653,TTC,GAA,1.474
653,TTC,AAA,1.3791
653,TTC,GCG,1.3039
653,TTC,ATG,1.0791
654,TCC,CTG,2.2378
654,TCC,GAA,1.8721
654,TCC,AAA,1.694
654,TCC,GCG,1.5312
654,TCC,ATG,1.3665
655,GAG,CTG,1.3274
655,GAG,GAA,0.9682
655,GAG,AAA,0.7386
655,GAG,GCG,0.6895
655,GAG,CAG,0.4571
656,GCG,CTG,0.6144
656,GCG,GAA,0.1695
656,GCG,GAG,0.0693
656,GCG,AAA,0.0678
656,GCG,GCG,0.0
657,ACC,GCG,1.2804
657,ACC,CTG,1.0436
657,ACC,GAA,0.5646
657,ACC,AAA,0.4937
657,ACC,ATG,0.1541
658,ACG,CTG,1.9081
658,ACG,ACC,1.6457
658,ACG,GAA,1.5019
658,ACG,AAA,1.3642
658,ACG,GCG,1.2808
659,CTG,CTG,0.0
659,CTG,GAA,-0.437
659,CTG,GCG,-0.6118
659,CTG,AAA,-0.6547
659,CTG,ATG,-0.7711
660,GCG,CTG,1.1397
660,GCG,GCG,0.0
660,GCG,AAA,-0.0306
660,GCG,GAA,-0.0544
660,GCG,ATG,-0.4032
661,CGG,GCG,2.9311
661,CGG,CTG,2.6988
661,CGG,GAA,2.2205
661,CGG,AAA,2.1471
661,CGG,ATG,1.8144
662,GAA,CTG,0.4568
662,GAA,GAA,0.0
662,GAA,AAA,-0.1269
662,GAA,GCG,-0.3172
662,GAA,ATG,-0.4201
663,ATG,GAA,1.2776
663,ATG,CTG,0.7252
663,ATG,AAA,0.2678
663,ATG,GCG,0.1725
663,ATG,ATG,0.0
664,GGT,CTG,0.9615
664,GGT,ATG,0.9088
664,GGT,GAA,0.5146
664,GGT,AAA,0.461
664,GGT,GCG,0.3124
665,TAT,CTG,1.8158
665,TAT,GGT,1.6662
665,TAT,GAA,1.334
665,TAT,AAA,1.3173
665,TAT,GCG,1.1966
666,ACC,CTG,1.0877
666,ACC,AAA,0.5315
666,ACC,GAA,0.5041
666,ACC,GCG,0.4229
666,ACC,TAT,0.1424
667,GAA,CTG,0.405
667,GAA,ACC,0.1437
667,GAA,GAA,0.0
667,GAA,AAA,-0.1376
667,GAA,GCG,-0.2193
668,CCG,GAA,1.7485
668,CCG,CTG,1.1913
668,CCG,AAA,0.739
668,CCG,GCG,0.6498
668,CCG,ATG,0.4673
669,GAC,CTG,1.3343
669,GAC,CCG,1.0397
669,GAC,GAA,0.8483
669,GAC,AAA,0.8379
669,GAC,GCG,0.7723
670,CCG,CTG,1.2416
670,CCG,GAA,0.7522
670,CCG,GAC,0.736
670,CCG,AAA,0.6559
670,CCG,GCG,0.6193
671,CGA,CTG,3.2264
671,CGA,CCG,2.9284
671,CGA,GAA,2.7395
671,CGA,AAA,2.7243
671,CGA,GCG,2.6523
672,GAT,CTG,1.0442
672,GAT,GAA,0.7258
672,GAT,AAA,0.5908
672,GAT,GCG,0.5016
672,GAT,ATG,0.184
673,GAT,CTG,0.2792
673,GAT,GAT,0.0
673,GAT,GAA,-0.2367
673,GAT,AAA,-0.379
673,GAT,GCG,-0.5494
674,CTT,CTG,2.107
674,CTT,GAT,1.8283
674,CTT,GAA,1.5919
674,CTT,AAA,1.4509
674,CTT,GCG,1.2804
675,TCT,CTG,2.5835
675,TCT,GAA,2.0719
675,TCT,AAA,1.9175
675,TCT,GCG,1.8717
675,TCT,ATG,1.6913
676,GGT,CTG,0.9458
676,GGT,GAA,0.6394
676,GGT,AAA,0.6041
676,GGT,GCG,0.4449
676,GGT,ATG,0.1963
677,ATG,CTG,0.7238
677,ATG,GGT,0.5757
677,ATG,GAA,0.2436
677,ATG,AAA,0.2265
677,ATG,GCG,0.1066
678,GAT,CTG,1.2373
678,GAT,ATG,1.1862
678,GAT,GAA,0.7877
678,GAT,AAA,0.7301
678,GAT,GCG,0.5755
679,GTG,CTG,1.1927
679,GTG,GAT,0.9111
679,GTG,GAA,0.6829
679,GTG,AAA,0.5458
679,GTG,GCG,0.3826
680,GCG,CTG,0.6282
680,GCG,GTG,0.4894
680,GCG,GAA,0.2479
680,GCG,AAA,0.1283
680,GCG,GCG,0.0
681,CGT,GCG,1.5524
681,CGT,CTG,1.3413
681,CGT,GAA,0.8538
681,CGT,AAA,0.7816
681,CGT,ATG,0.4547
682,AAA,CTG,0.5146
682,AAA,CGT,0.0925
682,AAA,GAA,0.0039
682,AAA,AAA,0.0
682,AAA,GCG,-0.1367
683,CTA,AAA,3.7503
683,CTA,CTG,3.3724
683,CTA,GAA,2.9542
683,CTA,GCG,2.8383
683,CTA,ATG,2.599
684,TTG,CTG,1.7719
684,TTG,GAA,1.3172
684,TTG,AAA,1.2425
684,TTG,GCG,1.1439
684,TTG,ATG,0.9153
685,ATT,CTG,1.0378
685,ATT,GAA,0.602
685,ATT,GCG,0.4506
685,ATT,AAA,0.4462
685,ATT,ATG,0.1623
686,CTC,CTG,2.0655
686,CTC,ATT,1.9012
686,CTC,GAA,1.7519
686,CTC,AAA,1.509
686,CTC,GCG,1.4371
687,GCT,CTG,1.8609
687,GCT,GAA,1.2894
687,GCT,AAA,1.2097
687,GCT,GCG,1.0993
687,GCT,ATG,0.9677
688,CGT,CTG,1.3241
688,CGT,GAA,0.8941
688,CGT,AAA,0.8175
688,CGT,GCG,0.6986
688,CGT,ATG,0.5657
689,GAA,CTG,0.5121
689,GAA,CGT,0.0884
689,GAA,GAA,0.0
689,GAA,AAA,-0.0037
689,GAA,GCG,-0.1365
690,ACG,GAA,2.3148
690,ACG,CTG,1.7632
690,ACG,AAA,1.3019
690,ACG,GCG,1.2075
690,ACG,ATG,1.0379
691,GGA,CTG,1.9779
691,GGA,GAA,1.5396
691,GGA,GCG,1.3639
691,GGA,AAA,1.3221
691,GGA,ATG,1.2067
692,CGT,CTG,1.3416
692,CGT,GAA,0.9247
692,CGT,AAA,0.8429
692,CGT,GCG,0.6563
692,CGT,ATG,0.529
693,GAA,CTG,0.5092
693,GAA,CGT,0.0864
693,GAA,GAA,0.0
693,GAA,AAA,-0.0036
693,GAA,GCG,-0.1376
694,CTG,GAA,0.5514
694,CTG,CTG,0.0
694,CTG,AAA,-0.4611
694,CTG,GCG,-0.5555
694,CTG,ATG,-0.725
695,GAG,CTG,2.1139
695,GAG,AAA,0.9224
695,GAG,GCG,0.922
695,GAG,GAA,0.8965
695,GAG,ATG,0.5613
696,CTG,CTG,0.0
696,CTG,GAA,-0.4442
696,CTG,GAG,-0.5446
696,CTG,AAA,-0.5451
696,CTG,GCG,-0.6091
697,GCG,CTG,1.1913
697,GCG,GCG,0.0
697,GCG,AAA,-0.0014
697,GCG,GAA,-0.0216
697,GCG,ATG,-0.3619
698,GAT,GCG,1.477
698,GAT,CTG,1.2729
698,GAT,GAA,0.7843
698,GAT,AAA,0.71
698,GAT,ATG,0.3835
699,ATT,CTG,1.3207
699,ATT,GAT,1.0433
699,ATT,GAA,0.8076
699,ATT,AAA,0.6672
699,ATT,GCG,0.4996
700,GAA,CTG,0.3136
700,GAA,ATT,0.15
700,GAA,GAA,0.0
700,GAA,AAA,-0.2416
700,GAA,GCG,-0.313
701,ATT,GAA,1.5622
701,ATT,CTG,1.0086
701,ATT,AAA,0.5499
701,ATT,GCG,0.4554
701,ATT,ATG,0.2839
702,GAA,CTG,0.3133
702,GAA,ATT,0.1484
702,GAA,GAA,0.0
702,GAA,AAA,-0.2429
702,GAA,GCG,-0.3159
703,CCT,GAA,3.0812
703,CCT,CTG,2.5292
703,CCT,AAA,2.0712
703,CCT,GCG,1.977
703,CCT,ATG,1.8022
704,GTG,CTG,0.9546
704,GTG,GAA,0.5357
704,GTG,AAA,0.4875
704,GTG,GCG,0.3777
704,GTG,ATG,0.1186
705,CTG,CTG,0.0
705,CTG,GTG,-0.1256
705,CTG,GAA,-0.3727
705,CTG,AAA,-0.4888
705,CTG,GCG,-0.6026
706,CCC,CTG,3.4746
706,CCC,GCG,2.3208
706,CCC,AAA,2.3027
706,CCC,GAA,2.2727
706,CCC,ATG,1.9236
707,GCA,CTG,1.4251
707,GCA,GAA,0.993
707,GCA,AAA,0.8865
707,GCA,GCG,0.8187
707,GCA,ATG,0.5608
708,GAG,CTG,1.3754
708,GAG,GAA,0.9637
708,GAG,AAA,0.9225
708,GAG,GCA,0.8492
708,GAG,GCG,0.6687
709,TTT,CTG,1.1688
709,TTT,GAA,0.7258
709,TTT,AAA,0.6262
709,TTT,GAG,0.6258
709,TTT,GCG,0.5624
710,AAC,CTG,1.0368
710,AAC,TTT,0.7053
710,AAC,GAA,0.5292
710,AAC,AAA,0.4827
710,AAC,GCG,0.3036
711,GCC,CTG,1.2222
711,GCC,AAC,0.9467
711,GCC,GAA,0.8159
711,GCC,AAA,0.6339
711,GCC,GCG,0.631
712,GAG,CTG,1.2744
712,GAG,GCC,0.9945
712,GAG,GAA,0.8086
712,GAG,AAA,0.7796
712,GAG,GCG,0.7018
713,GGT,CTG,0.9216
713,GGT,GAA,0.4816
713,GGT,AAA,0.3832
713,GGT,GAG,0.3814
713,GGT,GCG,0.3232
714,GAT,CTG,1.1396
714,GAT,GGT,0.9889
714,GAT,GAA,0.6577
714,GAT,AAA,0.641
714,GAT,GCG,0.5225
715,GTT,CTG,1.6263
715,GTT,GAT,1.3437
715,GTT,GAA,1.1152
715,GTT,AAA,0.9783
715,GTT,GCG,0.8159
716,GCC,CTG,1.2127
716,GCC,AAA,0.7315
716,GCC,GAA,0.7262
716,GCC,GCG,0.5886
716,GCC,GTT,0.4652
717,GCT,CTG,1.9161
717,GCT,GCC,1.6376
717,GCT,GAA,1.4483
717,GCT,AAA,1.4192
717,GCT,GCG,1.3374
718,TTT,CTG,1.1796
718,TTT,GAA,0.7534
718,TTT,AAA,0.6792
718,TTT,GCG,0.5668
718,TTT,ATG,0.4206
719,ATG,CTG,0.9506
719,ATG,TTT,0.6192
719,ATG,GAA,0.442
719,ATG,AAA,0.3951
719,ATG,GCG,0.2124
720,GCG,CTG,0.6478
720,GCG,ATG,0.5945
720,GCG,GAA,0.2015
720,GCG,AAA,0.1467
720,GCG,GCG,0.0
721,AAT,GCG,1.6292
721,AAT,CTG,1.4163
721,AAT,GAA,0.9254
721,AAT,AAA,0.8548
721,AAT,ATG,0.5233
722,CTG,CTG,0.0
722,CTG,GAA,-0.3595
722,CTG,AAA,-0.4807
722,CTG,AAT,-0.5111
722,CTG,GCG,-0.5631
723,TCA,CTG,3.3306
723,TCA,GCG,2.1545
723,TCA,AAA,2.1419
723,TCA,GAA,2.1172
723,TCA,ATG,1.7771
724,CAA,CTG,1.5231
724,CAA,GAA,1.1107
724,CAA,AAA,0.9724
724,CAA,GCG,0.8961
724,CAA,ATG,0.7153
725,CTC,CTG,2.1806
725,CTC,GAA,1.7526
725,CTC,AAA,1.6284
725,CTC,GCG,1.574
725,CTC,CAA,1.4984
726,GAC,CTG,1.4167
726,GAC,GAA,0.8484
726,GAC,AAA,0.7691
726,GAC,GCG,0.6609
726,GAC,ATG,0.5221
727,GAT,CTG,1.2197
727,GAT,GAA,0.7277
727,GAT,GAC,0.7119
727,GAT,AAA,0.6323
727,GAT,GCG,0.5967
728,CTC,CTG,2.2123
728,CTC,GAT,1.9318
728,CTC,GAA,1.704
728,CTC,AAA,1.5668
728,CTC,GCG,1.4046
729,TTT,CTG,1.2697
729,TTT,GAA,0.7017
729,TTT,AAA,0.6234
729,TTT,GCG,0.5169
729,TTT,ATG,0.3767
730,GCC,CTG,1.2892
730,GCC,TTT,0.9571
730,GCC,GAA,0.7848
730,GCC,AAA,0.7396
730,GCC,GCG,0.5621
731,GCG,CTG,0.5823
731,GCG,GCC,0.3054
731,GCG,GAA,0.1103
731,GCG,AAA,0.0843
731,GCG,GCG,0.0
732,CGC,GCG,1.2309
732,CGC,CTG,0.9971
732,CGC,GAA,0.5177
732,CGC,AAA,0.4492
732,CGC,ATG,0.1097
733,GTG,CTG,0.9712
733,GTG,CGC,0.7788
733,GTG,GAA,0.5621
733,GTG,AAA,0.4743
733,GTG,GCG,0.3926
734,GCG,CTG,0.6042
734,GCG,GTG,0.4787
734,GCG,GAA,0.2323
734,GCG,AAA,0.115
734,GCG,GCG,0.0
735,AAG,GCG,2.6348
735,AAG,CTG,2.4048
735,AAG,GAA,1.9206
735,AAG,AAA,1.855
735,AAG,ATG,1.5157
736,GCC,CTG,1.2132
736,GCC,AAA,0.6994
736,GCC,GAA,0.6963
736,GCC,GCG,0.589
736,GCC,ATG,0.4527
737,CGT,CTG,1.3593
737,CGT,GCC,1.0804
737,CGT,GAA,0.8813
737,CGT,AAA,0.8609
737,CGT,GCG,0.7764
738,GAT,CTG,1.0698
738,GAT,CGT,0.6455
738,GAT,GAA,0.5623
738,GAT,AAA,0.5606
738,GAT,GCG,0.4317
739,GAA,CTG,0.5081
739,GAA,GAT,0.2274
739,GAA,GAA,0.0
739,GAA,AAA,-0.1372
739,GAA,GCG,-0.298
740,GGA,GAA,2.4156
740,GGA,CTG,1.8605
740,GGA,AAA,1.4062
740,GGA,GCG,1.3147
740,GGA,ATG,1.1355
741,AAA,CTG,0.491
741,AAA,GAA,0.0785
741,AAA,AAA,0.0
741,AAA,GCG,-0.1806
741,AAA,ATG,-0.3209
742,GTT,AAA,1.8927
742,GTT,CTG,1.5028
742,GTT,GAA,1.0907
742,GTT,GCG,0.9969
742,GTT,ATG,0.7296
743,TTG,CTG,1.9084
743,TTG,AAA,1.4346
743,TTG,GAA,1.4282
743,TTG,GCG,1.2989
743,TTG,GTT,1.1618
744,CGC,CTG,0.928
744,CGC,GAA,0.4941
744,CGC,GCG,0.3474
744,CGC,AAA,0.3406
744,CGC,ATG,0.0513
745,TAT,CTG,1.7123
745,TAT,CGC,1.5163
745,TAT,GAA,1.301
745,TAT,AAA,1.2111
745,TAT,GCG,1.1261
746,GTT,CTG,1.6302
746,GTT,AAA,1.0726
746,GTT,GAA,1.0455
746,GTT,GCG,0.9668
746,GTT,TAT,0.684
747,GGC,CTG,0.9571
747,GGC,AAA,0.4791
747,GGC,GAA,0.4738
747,GGC,GCG,0.3379
747,GGC,GTT,0.2109
748,AAT,GGC,1.3903
748,AAT,CTG,1.3737
748,AAT,GAA,1.063
748,AAT,AAA,0.9956
748,AAT,GCG,0.8129
749,ATT,CTG,1.1525
749,ATT,GAA,0.7907
749,ATT,AAA,0.6695
749,ATT,AAT,0.6417
749,ATT,GCG,0.5841
750,GAT,CTG,1.1418
750,GAT,ATT,0.9761
750,GAT,GAA,0.8305
750,GAT,AAA,0.5887
750,GAT,GCG,0.5185
751,GAA,CTG,0.512
751,GAA,GAT,0.2316
751,GAA,GAA,0.0
751,GAA,AAA,-0.1413
751,GAA,GCG,-0.3076
752,GAT,GAA,1.5944
752,GAT,CTG,1.0393
752,GAT,AAA,0.584
752,GAT,GCG,0.491
752,GAT,ATG,0.3154
753,GGC,CTG,1.1516
753,GGC,GAT,0.8713
753,GGC,GAA,0.6392
753,GGC,AAA,0.4997
753,GGC,GCG,0.3354
754,GTC,GGC,1.3717
754,GTC,CTG,1.3598
754,GTC,GAA,1.0441
754,GTC,AAA,0.9769
754,GTC,GCG,0.7859
755,TGC,CTG,2.4381
755,TGC,GAA,1.9543
755,TGC,AAA,1.8481
755,TGC,GCG,1.7856
755,TGC,GTC,1.7397
756,CGC,CTG,1.0054
756,CGC,GAA,0.6963
756,CGC,AAA,0.4388
756,CGC,GCG,0.3961
756,CGC,ATG,0.2721
757,GTG,CTG,0.9796
757,GTG,CGC,0.7807
757,GTG,GAA,0.5647
757,GTG,AAA,0.4733
757,GTG,GCG,0.3829
758,AAG,CTG,2.3284
758,AAG,GTG,2.1982
758,AAG,GAA,1.9538
758,AAG,AAA,1.8365
758,AAG,GCG,1.7172
759,ATT,CTG,1.0856
759,ATT,AAA,0.5703
759,ATT,GAA,0.5659
759,ATT,GCG,0.4565
759,ATT,ATG,0.3246
760,GCC,CTG,1.1231
760,GCC,ATT,0.9589
760,GCC,GAA,0.8105
760,GCC,AAA,0.5683
760,GCC,GCG,0.4952
761,GAA,CTG,0.4787
761,GAA,GCC,0.1918
761,GAA,GAA,0.0
761,GAA,AAA,-0.028
761,GAA,GCG,-0.1075
762,GTG,GAA,1.4796
762,GTG,CTG,0.9276
762,GTG,AAA,0.47
762,GTG,GCG,0.3737
762,GTG,ATG,0.2021
763,GAT,CTG,1.1733
763,GAT,GTG,1.0487
763,GAT,GAA,0.8022
763,GAT,AAA,0.686
763,GAT,GCG,0.5707
764,GGT,CTG,1.1514
764,GGT,GAT,0.8713
764,GGT,GAA,0.6428
764,GGT,AAA,0.5048
764,GGT,GCG,0.3442
765,AAT,CTG,1.4591
765,AAT,GGT,1.3096
765,AAT,GAA,0.9781
765,AAT,AAA,0.962
765,AAT,GCG,0.8442
766,GAT,CTG,1.1668
766,GAT,GAA,0.8046
766,GAT,AAA,0.6827
766,GAT,AAT,0.6529
766,GAT,GCG,0.5951
767,CCG,CTG,1.2977
767,CCG,GAT,1.0173
767,CCG,GAA,0.7886
767,CCG,AAA,0.652
767,CCG,GCG,0.4899
768,CTG,CTG,0.0
768,CTG,CCG,-0.2989
768,CTG,GAA,-0.4909
768,CTG,AAA,-0.5066
768,CTG,GCG,-0.578
769,TTC,CTG,2.5737
769,TTC,GCG,1.4007
769,TTC,AAA,1.3953
769,TTC,GAA,1.3664
769,TTC,ATG,1.0245
770,AAA,CTG,0.5381
770,AAA,GAA,0.1774
770,AAA,AAA,0.0
770,AAA,GCG,-0.1582
770,AAA,ATG,-0.3329
771,GTG,AAA,1.3727
771,GTG,CTG,0.9813
771,GTG,GAA,0.5722
771,GTG,GCG,0.4755
771,GTG,ATG,0.2107
772,AAA,CTG,0.4858
772,AAA,GTG,0.3631
772,AAA,GAA,0.1173
772,AAA,AAA,0.0
772,AAA,GCG,-0.1118
773,AAT,AAA,1.7416
773,AAT,CTG,1.3542
773,AAT,GAA,0.942
773,AAT,GCG,0.8395
773,AAT,ATG,0.5803
774,GGC,CTG,0.8985
774,GGC,GAA,0.543
774,GGC,AAA,0.4231
774,GGC,AAT,0.3929
774,GGC,GCG,0.3472
775,GAA,GGC,0.3276
775,GAA,CTG,0.309
775,GAA,GAA,0.0
775,GAA,AAA,-0.0672
775,GAA,GCG,-0.2537
776,AAC,GAA,1.4594
776,AAC,CTG,0.901
776,AAC,AAA,0.449
776,AAC,GCG,0.3582
776,AAC,ATG,0.1761
777,GCC,CTG,1.2205
777,GCC,AAC,0.9464
777,GCC,GAA,0.8174
777,GCC,AAA,0.6346
777,GCC,GCG,0.6325
778,CTG,CTG,0.0
778,CTG,GCC,-0.2859
778,CTG,GAA,-0.4763
778,CTG,AAA,-0.5037
778,CTG,GCG,-0.5891
779,GCC,CTG,1.8301
779,GCC,GCG,0.6621
779,GCC,AAA,0.6522
779,GCC,GAA,0.6213
779,GCC,ATG,0.2791
780,TTC,CTG,1.8574
780,TTC,GCC,1.5895
780,TTC,GAA,1.396
780,TTC,AAA,1.3731
780,TTC,GCG,1.3036
781,TAT,CTG,1.7973
781,TAT,GAA,1.4327
781,TAT,AAA,1.2553
781,TAT,GCG,1.094
781,TAT,ATG,0.9245
782,AGC,CTG,1.3733
782,AGC,AAA,0.8168
782,AGC,GAA,0.7906
782,AGC,GCG,0.7116
782,AGC,TAT,0.4269
783,CAC,CTG,1.911
783,CAC,GAA,1.5754
783,CAC,AGC,1.4556
783,CAC,AAA,1.4518
783,CAC,GCG,1.319
784,TAT,CTG,1.8367
784,TAT,GAA,1.4115
784,TAT,GCG,1.2798
784,TAT,AAA,1.2607
784,TAT,ATG,1.0675
785,TAT,CTG,0.9457
785,TAT,AAA,0.387
785,TAT,GAA,0.3625
785,TAT,GCG,0.2802
785,TAT,TAT,0.0
786,CAG,CTG,1.0905
786,CAG,AAA,0.5311
786,CAG,GAA,0.5064
786,CAG,GCG,0.4236
786,CAG,TAT,0.1456
787,CCG,CTG,1.1222
787,CCG,CAG,1.073
787,CCG,GAA,0.792
787,CCG,AAA,0.7308
787,CCG,GCG,0.6552
788,CTG,CTG,0.0
788,CTG,CCG,-0.2981
788,CTG,GAA,-0.489
788,CTG,AAA,-0.5064
788,CTG,GCG,-0.5754
789,CCG,CTG,1.8618
789,CCG,GCG,0.6895
789,CCG,AAA,0.6768
789,CCG,GAA,0.6544
789,CCG,ATG,0.3098
790,TTG,CTG,1.8156
790,TTG,CCG,1.5292
790,TTG,GAA,1.3374
790,TTG,AAA,1.3269
790,TTG,GCG,1.2656
791,GTA,CTG,1.8635
791,GTA,GAA,1.4338
791,GTA,GCG,1.2914
791,GTA,AAA,1.2797
791,GTA,ATG,0.9881
792,CTG,CTG,0.0
792,CTG,GAA,-0.427
792,CTG,AAA,-0.5412
792,CTG,GCG,-0.6725
792,CTG,AAC,-0.9068
793,CGC,CTG,1.6966
793,CGC,GCG,0.5286
793,CGC,AAA,0.5137
793,CGC,GAA,0.4893
793,CGC,ATG,0.1462
794,GGA,CTG,1.857
794,GGA,CGC,1.6603
794,GGA,GAA,1.4444
794,GGA,AAA,1.354
794,GGA,GCG,1.2661
795,TAT,CTG,1.7862
795,TAT,GAA,1.377
795,TAT,AAA,1.2998
795,TAT,GCG,1.1213
795,TAT,ATG,0.9747
796,GGT,CTG,1.1484
796,GGT,AAA,0.5879
796,GGT,GAA,0.5645
796,GGT,GCG,0.4802
796,GGT,TAT,0.2037
797,GCG,CTG,0.6095
797,GCG,GGT,0.46
797,GCG,GAA,0.1307
797,GCG,AAA,0.1154
797,GCG,GCG,0.0
798,GGC,GCG,1.1857
798,GGC,CTG,0.9501
798,GGC,GAA,0.4709
798,GGC,AAA,0.4044
798,GGC,ATG,0.0598
799,AAT,GGC,1.3892
799,AAT,CTG,1.3753
799,AAT,GAA,1.0639
799,AAT,AAA,0.9954
799,AAT,GCG,0.8073
800,GAC,CTG,1.291
800,GAC,GAA,0.9304
800,GAC,AAA,0.8087
800,GAC,AAT,0.7809
800,GAC,GCG,0.7249
801,GTT,CTG,1.5185
801,GTT,GAA,1.0256
801,GTT,GAC,1.0121
801,GTT,AAA,0.9287
801,GTT,GCG,0.8891
802,ACA,CTG,2.6113
802,ACA,AAA,2.134
802,ACA,GAA,2.1267
802,ACA,GCG,1.9929
802,ACA,GTT,1.8658
803,GCT,CTG,1.9504
803,GCT,GAA,1.459
803,GCT,AAA,1.3384
803,GCT,GCG,1.2823
803,GCT,ATG,1.0216
804,GCC,CTG,1.243
804,GCC,GAA,0.8153
804,GCC,AAA,0.7401
804,GCC,GCG,0.6239
804,GCC,ATG,0.4842
805,GGT,CTG,1.0743
805,GGT,GCC,0.7921
805,GGT,GAA,0.5986
805,GGT,AAA,0.5712
805,GGT,GCG,0.4898
806,GTC,CTG,1.4816
806,GTC,GGT,1.3322
806,GTC,GAA,1.0012
806,GTC,AAA,0.9852
806,GTC,GCG,0.8685
807,TTT,CTG,1.3441
807,TTT,GAA,0.8615
807,TTT,AAA,0.7569
807,TTT,GCG,0.6978
807,TTT,GTC,0.647
808,GCT,CTG,1.836
808,GCT,TTT,1.5044
808,GCT,GAA,1.3311
808,GCT,AAA,1.2863
808,GCT,GCG,1.1096
809,GAT,CTG,1.1919
809,GAT,GAA,0.7678
809,GAT,AAA,0.6931
809,GAT,GCG,0.5797
809,GAT,ATG,0.4348
810,CTG,CTG,0.0
810,CTG,GAT,-0.2817
810,CTG,GAA,-0.5091
810,CTG,AAA,-0.6496
810,CTG,GCG,-0.8084
811,CTA,CTG,4.1435
811,CTA,GCG,2.9583
811,CTA,AAA,2.9508
811,CTA,GAA,2.9312
811,CTA,ATG,2.5922
812,CGT,CTG,1.2764
812,CGT,GAA,0.8256
812,CGT,AAA,0.7526
812,CGT,GCG,0.6605
812,CGT,ATG,0.419
813,ACC,CTG,1.0525
813,ACC,CGT,0.6284
813,ACC,GAA,0.5465
813,ACC,AAA,0.5447
813,ACC,GCG,0.418
814,CTC,CTG,2.1185
814,CTC,ACC,1.8608
814,CTC,GAA,1.7161
814,CTC,AAA,1.5801
814,CTC,GCG,1.5039
815,TCA,CTG,2.5628
815,TCA,GAA,1.9976
815,TCA,AAA,1.9199
815,TCA,GCG,1.8168
815,TCA,ATG,1.6687
816,TGG,CTG,1.6772
816,TGG,GAA,1.2678
816,TGG,AAA,1.1308
816,TGG,GCG,1.0589
816,TGG,ATG,0.8698
817,AAG,CTG,2.3569
817,AAG,GAA,1.8886
817,AAG,AAA,1.7452
817,AAG,GCG,1.6044
817,AAG,TGG,1.5356
818,TTA,CTG,1.85
818,TTA,AAA,1.3359
818,TTA,GAA,1.3316
818,TTA,GCG,1.2235
818,TTA,ATG,1.0903
819,GGA,CTG,1.9473
819,GGA,AAA,1.5125
819,GGA,GAA,1.4718
819,GGA,GCG,1.2628
819,GGA,ATG,1.0874
820,GTC,CTG,1.4681
820,GTC,GAA,1.0541
820,GTC,AAA,0.9757
820,GTC,GCG,0.7958
820,GTC,ATG,0.6553
821,TGA,CTG,4.2538
821,TGA,GAA,3.7708
821,TGA,AAA,3.6653
821,TGA,GCG,3.6055
821,TGA,GTC,3.5563
