pos,wt,mutant,delta,is_synonymous
1,ATG,CTG,0.8533,False
1,ATG,GCC,0.8034,False
1,ATG,GAC,0.5471,False
1,ATG,GCG,0.5314,False
2,AAA,GCC,2.264,False
2,AAA,CTG,2.1618,False
2,AAA,GAC,1.9782,False
2,AAA,GGC,1.936,False
3,ACC,CTG,0.8032,False
3,ACC,GCC,0.6948,False
3,ACC,GAC,0.5196,False
3,ACC,GGC,0.4697,False
4,CGT,CTG,1.8077,False
4,CGT,GCC,1.6969,False
4,CGT,GAC,1.5225,False
4,CGT,GGC,1.4464,False
5,AGT,GCC,2.9689,False
5,AGT,CTG,2.9067,False
5,AGT,GCG,2.7082,False
5,AGT,GAC,2.687,False
6,GGT,CTG,1.5848,False
6,GGT,GCC,1.5635,False
6,GGT,GGC,1.4127,True
6,GGT,GCG,1.3385,False
